accession,body_site,table_id,version,n_samples,n_taxa,status,ts
MGYS00005143,oral,SRP126946_taxonomy_abundances_SSU_v4.1.tsv,4.1,7402,3588,ok,2026-08-22T19:12:09
MGYS00005142,stool,,,0,0,download_failed,2026-08-22T19:12:17
MGYS00001679,stool,ERP015317_taxonomy_abundances_v3.0.tsv,3.0,3288,1241,ok,2026-08-22T19:12:38
MGYS00005138,respiratory,SRP056779_taxonomy_abundances_SSU_v4.1.tsv,4.1,3027,2780,ok,2026-08-22T19:12:39
MGYS00000604,skin,SRP002480_taxonomy_abundances_v2.0.tsv,2.0,4385,2740,ok,2026-08-22T19:13:12
MGYS00005196,urogenital,SRP115697_taxonomy_abundances_SSU_v4.1.tsv,4.1,2367,1855,ok,2026-08-22T19:13:20
MGYS00002355,oral,,,0,0,no_ssu_table,2026-08-22T19:13:21
MGYS00006551,stool,ERP152745_taxonomy_abundances_SSU_v5.0.tsv,5.0,2048,1048,ok,2026-08-22T19:13:23
MGYS00005190,stool,SRP136041_taxonomy_abundances_SSU_v4.1.tsv,4.1,17,532,ok,2026-08-22T19:13:39
MGYS00001070,urogenital,SRP026107_taxonomy_abundances_SSU_v4.1.tsv,4.1,1980,616,ok,2026-08-22T19:13:40
MGYS00005142,stool,,,0,0,download_failed,2026-08-22T19:14:33
MGYS00002355,oral,,,0,0,no_ssu_table,2026-08-22T19:14:55
MGYS00005147,stool,,,0,0,no_ssu_table,2026-08-22T19:14:55
MGYS00005222,urogenital,SRP159872_taxonomy_abundances_SSU_v4.1.tsv,4.1,1882,1778,ok,2026-08-22T19:14:55
MGYS00005192,stool,SRP119890_taxonomy_abundances_SSU_v4.1.tsv,4.1,1816,3515,ok,2026-08-22T19:15:13
MGYS00005199,urogenital,SRP156089_taxonomy_abundances_SSU_v4.1.tsv,4.1,1576,2068,ok,2026-08-22T19:15:40
MGYS00005142,stool,,,0,0,download_failed,2026-08-22T19:16:08
MGYS00002355,oral,,,0,0,no_ssu_table,2026-08-22T19:16:29
MGYS00005147,stool,,,0,0,no_ssu_table,2026-08-22T19:16:30
MGYS00005162,respiratory,SRP090592_taxonomy_abundances_SSU_v4.1.tsv,4.1,1222,2241,ok,2026-08-22T19:16:30
MGYS00000633,stool,SRP001634_taxonomy_abundances_SSU_v5.0.tsv,5.0,1073,1023,ok,2026-08-22T19:16:42
MGYS00005184,stool,ERP016515_taxonomy_abundances_SSU_v4.1.tsv,4.1,1557,1672,ok,2026-08-22T19:17:10
MGYS00005142,stool,,,0,0,download_failed,2026-08-22T19:17:32
MGYS00002355,oral,,,0,0,no_ssu_table,2026-08-22T19:17:54
MGYS00005147,stool,,,0,0,no_ssu_table,2026-08-22T19:17:54
MGYS00005191,stool,SRP125127_taxonomy_abundances_SSU_v4.1.tsv,4.1,1537,1449,ok,2026-08-22T19:17:54
MGYS00005172,skin,SRP113602_taxonomy_abundances_SSU_v4.1.tsv,4.1,1481,5013,ok,2026-08-22T19:18:11
MGYS00005224,respiratory,SRP163504_taxonomy_abundances_SSU_v4.1.tsv,4.1,1422,2273,ok,2026-08-22T19:18:35
MGYS00005173,stool,SRP124475_taxonomy_abundances_SSU_v4.1.tsv,4.1,1382,2234,ok,2026-08-22T19:18:37
MGYS00006638,respiratory,SRP351807_taxonomy_abundances_SSU_v5.0.tsv,5.0,1369,1533,ok,2026-08-22T19:18:47
MGYS00005197,oral,SRP128931_taxonomy_abundances_SSU_v4.1.tsv,4.1,1319,3250,ok,2026-08-22T19:18:55
MGYS00003733,stool,SRP096283_taxonomy_abundances_SSU_v4.1.tsv,4.1,2210,2751,ok,2026-08-22T19:19:11
MGYS00005225,stool,SRP165757_taxonomy_abundances_SSU_v4.1.tsv,4.1,1207,2560,ok,2026-08-22T19:19:35
MGYS00005128,stool,ERP117839_taxonomy_abundances_SSU_v4.1.tsv,4.1,1197,1959,ok,2026-08-22T19:19:37
MGYS00005202,stool,ERP111526_taxonomy_abundances_SSU_v5.0.tsv,5.0,1172,2281,ok,2026-08-22T19:19:47
MGYS00003481,stool,ERP108957_taxonomy_abundances_SSU_v4.1.tsv,4.1,2179,394,ok,2026-08-22T19:19:55
MGYS00005195,stool,SRP042023_taxonomy_abundances_SSU_v4.1.tsv,4.1,1049,1105,ok,2026-08-22T19:20:10
MGYS00003715,stool,ERP107577_taxonomy_abundances_SSU_v4.1.tsv,4.1,1004,3062,ok,2026-08-22T19:20:34
MGYS00002360,oral,ERP005150_taxonomy_abundances_SSU_v4.1.tsv,4.1,947,722,ok,2026-08-22T19:20:37
MGYS00005156,skin,ERP005152_taxonomy_abundances_SSU_v5.0.tsv,5.0,938,2400,ok,2026-08-22T19:20:47
MGYS00005230,stool,ERP005153_taxonomy_abundances_SSU_v5.0.tsv,5.0,914,1090,ok,2026-08-22T19:20:55
MGYS00005259,stool,SRP128128_taxonomy_abundances_SSU_v4.1.tsv,4.1,917,1213,ok,2026-08-22T19:21:10
MGYS00006389,respiratory,SRP340436_taxonomy_abundances_SSU_v5.0.tsv,5.0,894,1162,ok,2026-08-22T19:21:34
MGYS00005314,stool,SRP158570_taxonomy_abundances_SSU_v4.1.tsv,4.1,876,1460,ok,2026-08-22T19:21:37
MGYS00005158,urogenital,ERP012215_taxonomy_abundances_SSU_v4.1.tsv,4.1,737,1240,ok,2026-08-22T19:21:47
MGYS00005505,stool,SRP092421_taxonomy_abundances_SSU_v4.1.tsv,4.1,848,2261,ok,2026-08-22T19:21:55
MGYS00006345,respiratory,SRP271095_taxonomy_abundances_SSU_v5.0.tsv,5.0,844,940,ok,2026-08-22T19:22:10
MGYS00005239,stool,SRP043574_taxonomy_abundances_SSU_v4.1.tsv,4.1,837,2792,ok,2026-08-22T19:22:34
MGYS00005203,stool,ERP022127_taxonomy_abundances_SSU_v4.1.tsv,4.1,826,436,ok,2026-08-22T19:22:37
MGYS00001278,stool,ERP006059_taxonomy_abundances_SSU_v5.0.tsv,5.0,815,1083,ok,2026-08-22T19:22:47
MGYS00005198,stool,SRP181937_taxonomy_abundances_SSU_v4.1.tsv,4.1,801,1318,ok,2026-08-22T19:22:55
MGYS00005232,skin,ERP005182_taxonomy_abundances_SSU_v5.0.tsv,5.0,793,1399,ok,2026-08-22T19:23:11
MGYS00001748,stool,ERP005883_taxonomy_abundances_v3.0.tsv,3.0,1285,1269,ok,2026-08-22T19:23:34
MGYS00005223,oral,SRP126884_taxonomy_abundances_SSU_v4.1.tsv,4.1,767,1259,ok,2026-08-22T19:23:38
MGYS00006273,respiratory,ERP119164_taxonomy_abundances_SSU_v5.0.tsv,5.0,729,973,ok,2026-08-22T19:23:47
MGYS00005176,stool,SRP109293_taxonomy_abundances_SSU_v4.1.tsv,4.1,810,1260,ok,2026-08-22T19:23:55
MGYS00005340,stool,,,0,0,no_ssu_table,2026-08-22T19:24:10
MGYS00005506,oral,SRP115814_taxonomy_abundances_SSU_v4.1.tsv,4.1,722,949,ok,2026-08-22T19:24:11
MGYS00004729,respiratory,ERP020597_taxonomy_abundances_SSU_v4.1.tsv,4.1,1439,853,ok,2026-08-22T19:24:36
MGYS00006477,respiratory,SRP102480_taxonomy_abundances_SSU_v5.0.tsv,5.0,715,590,ok,2026-08-22T19:24:41
MGYS00001809,stool,ERP023432_taxonomy_abundances_v3.0.tsv,3.0,712,939,ok,2026-08-22T19:24:55
MGYS00005206,respiratory,ERP017440_taxonomy_abundances_SSU_v4.1.tsv,4.1,695,5798,ok,2026-08-22T19:25:10
MGYS00006759,stool,ERP146353_taxonomy_abundances_SSU_v5.0.tsv,5.0,692,538,ok,2026-08-22T19:25:13
MGYS00005384,skin,SRP049645_taxonomy_abundances_SSU_v4.1.tsv,4.1,673,2111,ok,2026-08-22T19:25:36
MGYS00005211,stool,SRP058088_taxonomy_abundances_SSU_v4.1.tsv,4.1,770,753,ok,2026-08-22T19:25:41
MGYS00001220,stool,SRP049113_taxonomy_abundances_v3.0.tsv,3.0,664,453,ok,2026-08-22T19:25:55
MGYS00005194,respiratory,ERP112757_taxonomy_abundances_SSU_v4.1.tsv,4.1,663,1823,ok,2026-08-22T19:26:10
MGYS00005212,skin,SRP071579_taxonomy_abundances_SSU_v4.1.tsv,4.1,644,1675,ok,2026-08-22T19:26:12
MGYS00001745,respiratory,ERP022836_taxonomy_abundances_v3.0.tsv,3.0,642,1274,ok,2026-08-22T19:26:36
MGYS00006530,respiratory,SRP184496_taxonomy_abundances_SSU_v5.0.tsv,5.0,525,554,ok,2026-08-22T19:26:41
MGYS00005261,respiratory,SRP127076_taxonomy_abundances_SSU_v5.0.tsv,5.0,631,739,ok,2026-08-22T19:26:55
MGYS00006472,respiratory,SRP110811_taxonomy_abundances_SSU_v5.0.tsv,5.0,328,1394,ok,2026-08-22T19:27:10
MGYS00005269,respiratory,ERP111364_taxonomy_abundances_SSU_v5.0.tsv,5.0,618,796,ok,2026-08-22T19:27:12
MGYS00005219,stool,SRP148278_taxonomy_abundances_SSU_v4.1.tsv,4.1,615,1885,ok,2026-08-22T19:27:36
MGYS00005253,oral,ERP108620_taxonomy_abundances_SSU_v5.0.tsv,5.0,606,678,ok,2026-08-22T19:27:41
MGYS00006478,respiratory,SRP102629_taxonomy_abundances_SSU_v5.0.tsv,5.0,584,706,ok,2026-08-22T19:27:55
MGYS00005533,skin,ERP016280_taxonomy_abundances_SSU_v4.1.tsv,4.1,584,6136,ok,2026-08-22T19:28:10
MGYS00006562,oral,ERP150486_taxonomy_abundances_SSU_v5.0.tsv,5.0,554,410,ok,2026-08-22T19:28:12
MGYS00006342,respiratory,SRP261392_taxonomy_abundances_SSU_v5.0.tsv,5.0,546,1242,ok,2026-08-22T19:28:36
MGYS00005531,urogenital,ERP013986_taxonomy_abundances_SSU_v4.1.tsv,4.1,541,1007,ok,2026-08-22T19:28:41
MGYS00002187,oral,SRP104798_taxonomy_abundances_SSU_v4.1.tsv,4.1,540,1026,ok,2026-08-22T19:28:55
MGYS00006248,respiratory,ERP124419_taxonomy_abundances_SSU_v5.0.tsv,5.0,540,779,ok,2026-08-22T19:29:10
MGYS00006442,respiratory,SRP168337_taxonomy_abundances_SSU_v5.0.tsv,5.0,535,845,ok,2026-08-22T19:29:12
MGYS00005189,oral,DRP004640_taxonomy_abundances_SSU_v4.1.tsv,4.1,530,2160,ok,2026-08-22T19:29:36
MGYS00005154,stool,ERP001500_taxonomy_abundances_SSU_v5.0.tsv,5.0,529,1845,ok,2026-08-22T19:29:41
MGYS00005238,skin,SRP051059_taxonomy_abundances_SSU_v4.1.tsv,4.1,487,1139,ok,2026-08-22T19:29:55
MGYS00005262,urogenital,SRP136173_taxonomy_abundances_SSU_v4.1.tsv,4.1,525,657,ok,2026-08-22T19:30:10
MGYS00005304,respiratory,SRP125205_taxonomy_abundances_SSU_v5.0.tsv,5.0,521,1291,ok,2026-08-22T19:30:12
MGYS00005528,oral,DRP004359_taxonomy_abundances_SSU_v4.1.tsv,4.1,506,562,ok,2026-08-22T19:30:36
MGYS00005383,skin,ERP116532_taxonomy_abundances_SSU_v4.1.tsv,4.1,503,235,ok,2026-08-22T19:30:41
MGYS00005234,stool,ERP006342_taxonomy_abundances_SSU_v5.0.tsv,5.0,502,928,ok,2026-08-22T19:30:55
MGYS00005167,respiratory,SRP108387_taxonomy_abundances_SSU_v4.1.tsv,4.1,494,1824,ok,2026-08-22T19:31:10
MGYS00005248,urogenital,SRP110729_taxonomy_abundances_SSU_v4.1.tsv,4.1,338,3333,ok,2026-08-22T19:31:12
MGYS00006263,oral,ERP110514_taxonomy_abundances_SSU_v5.0.tsv,5.0,489,668,ok,2026-08-22T19:31:36
MGYS00005235,stool,ERP010289_taxonomy_abundances_SSU_v4.1.tsv,4.1,459,852,ok,2026-08-22T19:31:41
MGYS00001701,urogenital,ERP022287_taxonomy_abundances_v3.0.tsv,3.0,487,1380,ok,2026-08-22T19:31:55
MGYS00005236,stool,ERP006339_taxonomy_abundances_SSU_v4.1.tsv,4.1,486,1004,ok,2026-08-22T19:32:10
MGYS00005221,respiratory,SRP131268_taxonomy_abundances_SSU_v4.1.tsv,4.1,481,1850,ok,2026-08-22T19:32:12
MGYS00006269,respiratory,,,0,0,no_ssu_table,2026-08-22T19:32:36
MGYS00006407,respiratory,SRP065072_taxonomy_abundances_SSU_v5.0.tsv,5.0,476,1032,ok,2026-08-22T19:32:36
MGYS00006322,respiratory,SRP040237_taxonomy_abundances_SSU_v5.0.tsv,5.0,447,327,ok,2026-08-22T19:32:47
MGYS00005159,stool,SRP062005_taxonomy_abundances_SSU_v4.1.tsv,4.1,430,1235,ok,2026-08-22T19:32:55
MGYS00006434,respiratory,ERP110351_taxonomy_abundances_SSU_v5.0.tsv,5.0,421,1114,ok,2026-08-22T19:33:11
MGYS00005247,stool,DRP003338_taxonomy_abundances_SSU_v4.1.tsv,4.1,268,590,ok,2026-08-22T19:33:34
MGYS00006355,respiratory,SRP289725_taxonomy_abundances_SSU_v5.0.tsv,5.0,428,915,ok,2026-08-22T19:33:37
MGYS00006524,respiratory,SRP201083_taxonomy_abundances_SSU_v5.0.tsv,5.0,408,897,ok,2026-08-22T19:33:48
MGYS00005379,skin,ERP116514_taxonomy_abundances_SSU_v5.0.tsv,5.0,15,77,ok,2026-08-22T19:33:56
MGYS00006260,respiratory,ERP110498_taxonomy_abundances_SSU_v5.0.tsv,5.0,378,793,ok,2026-08-22T19:34:11
MGYS00001189,stool,SRP073172_taxonomy_abundances_SSU_v5.0.tsv,5.0,408,915,ok,2026-08-22T19:34:34
MGYS00001799,stool,ERP005989_taxonomy_abundances_v3.0.tsv,3.0,400,1840,ok,2026-08-22T19:34:37
MGYS00002019,stool,ERP104039_taxonomy_abundances_SSU_v4.1.tsv,4.1,400,403,ok,2026-08-22T19:34:47
MGYS00006378,respiratory,SRP319422_taxonomy_abundances_SSU_v5.0.tsv,5.0,398,846,ok,2026-08-22T19:34:55
MGYS00001705,stool,ERP002061_taxonomy_abundances_v3.0.tsv,3.0,681,559,ok,2026-08-22T19:35:11
MGYS00003468,stool,ERP107929_taxonomy_abundances_SSU_v5.0.tsv,5.0,887,435,ok,2026-08-22T19:35:34
MGYS00005266,urogenital,SRP132490_taxonomy_abundances_SSU_v4.1.tsv,4.1,247,1381,ok,2026-08-22T19:35:37
MGYS00006320,oral,SRP039515_taxonomy_abundances_SSU_v5.0.tsv,5.0,392,760,ok,2026-08-22T19:35:47
MGYS00002425,stool,ERP106708_taxonomy_abundances_SSU_v5.0.tsv,5.0,347,136,ok,2026-08-22T19:35:55
MGYS00006408,respiratory,SRP065274_taxonomy_abundances_SSU_v5.0.tsv,5.0,369,846,ok,2026-08-22T19:36:11
MGYS00000314,stool,SRP008047_taxonomy_abundances_v1.0.tsv,1.0,124,86,ok,2026-08-22T19:36:34
MGYS00005285,stool,ERP112428_taxonomy_abundances_SSU_v4.1.tsv,4.1,439,307,ok,2026-08-22T19:36:37
MGYS00004728,stool,SRP057027_taxonomy_abundances_SSU_v4.1.tsv,4.1,362,1400,ok,2026-08-22T19:36:47
MGYS00006387,respiratory,SRP334144_taxonomy_abundances_SSU_v5.0.tsv,5.0,353,2819,ok,2026-08-22T19:36:55
MGYS00006520,respiratory,SRP200046_taxonomy_abundances_SSU_v5.0.tsv,5.0,352,880,ok,2026-08-22T19:37:11
MGYS00001255,stool,SRP068240_taxonomy_abundances_SSU_v5.0.tsv,5.0,694,1063,ok,2026-08-22T19:37:34
MGYS00006522,respiratory,SRP425510_taxonomy_abundances_SSU_v5.0.tsv,5.0,450,886,ok,2026-08-22T19:37:37
MGYS00006270,respiratory,ERP113122_taxonomy_abundances_SSU_v5.0.tsv,5.0,336,754,ok,2026-08-22T19:37:47
MGYS00002045,stool,ERP104209_taxonomy_abundances_SSU_v5.0.tsv,5.0,3,9,ok,2026-08-22T19:37:55
MGYS00001069,urogenital,SRP015828_taxonomy_abundances_v2.0.tsv,2.0,455,350,ok,2026-08-22T19:38:11
MGYS00006563,skin,ERP138314_taxonomy_abundances_SSU_v5.0.tsv,5.0,322,423,ok,2026-08-22T19:38:34
MGYS00006336,respiratory,SRP235175_taxonomy_abundances_SSU_v5.0.tsv,5.0,318,498,ok,2026-08-22T19:38:37
MGYS00002338,stool,ERP106359_taxonomy_abundances_SSU_v5.0.tsv,5.0,303,379,ok,2026-08-22T19:38:47
MGYS00006287,respiratory,ERP010734_taxonomy_abundances_SSU_v5.0.tsv,5.0,304,819,ok,2026-08-22T19:38:55
MGYS00005129,stool,ERP109659_taxonomy_abundances_SSU_v4.1.tsv,4.1,298,1559,ok,2026-08-22T19:39:11
MGYS00006461,respiratory,SRP077571_taxonomy_abundances_SSU_v5.0.tsv,5.0,298,996,ok,2026-08-22T19:39:34
MGYS00006285,respiratory,ERP110805_taxonomy_abundances_SSU_v5.0.tsv,5.0,294,1407,ok,2026-08-22T19:39:37
MGYS00005282,stool,,,0,0,no_ssu_table,2026-08-22T20:17:53
MGYS00005860,stool,,,0,0,no_ssu_table,2026-08-22T20:17:53
MGYS00005281,stool,ERP111902_taxonomy_abundances_SSU_v4.1.tsv,4.1,594,310,ok,2026-08-22T20:17:53
MGYS00001068,oral,ERP012926_taxonomy_abundances_SSU_v4.1.tsv,4.1,287,1884,ok,2026-08-22T20:17:54
MGYS00006122,stool,SRP023503_taxonomy_abundances_SSU_v5.0.tsv,5.0,283,357,ok,2026-08-22T20:17:55
MGYS00002357,oral,ERP001346_taxonomy_abundances_SSU_v4.1.tsv,4.1,278,407,ok,2026-08-22T20:17:56
MGYS00006341,respiratory,SRP252182_taxonomy_abundances_SSU_v5.0.tsv,5.0,273,1601,ok,2026-08-22T20:18:53
MGYS00001257,stool,SRP064846_taxonomy_abundances_v3.0.tsv,3.0,271,701,ok,2026-08-22T20:18:54
MGYS00001248,stool,SRP065497_taxonomy_abundances_v3.0.tsv,3.0,277,865,ok,2026-08-22T20:18:55
MGYS00006385,respiratory,SRP332755_taxonomy_abundances_SSU_v5.0.tsv,5.0,270,1152,ok,2026-08-22T20:18:55
MGYS00006386,respiratory,SRP333151_taxonomy_abundances_SSU_v5.0.tsv,5.0,269,567,ok,2026-08-22T20:18:56
MGYS00001444,stool,ERP021093_taxonomy_abundances_v3.0.tsv,3.0,268,1321,ok,2026-08-22T20:19:53
MGYS00001251,stool,SRP067629_taxonomy_abundances_v3.0.tsv,3.0,267,796,ok,2026-08-22T20:19:54
MGYS00006264,respiratory,ERP114687_taxonomy_abundances_SSU_v5.0.tsv,5.0,261,583,ok,2026-08-22T20:19:55
MGYS00005601,stool,ERP113090_taxonomy_abundances_SSU_v5.0.tsv,5.0,260,865,ok,2026-08-22T20:19:55
MGYS00003469,stool,ERP108254_taxonomy_abundances_SSU_v4.1.tsv,4.1,299,337,ok,2026-08-22T20:19:56
MGYS00000502,stool,ERP010229_taxonomy_abundances_v2.0.tsv,2.0,260,1741,ok,2026-08-22T20:20:53
MGYS00002072,skin,ERP019566_taxonomy_abundances_SSU_v4.0.tsv,4.0,258,3788,ok,2026-08-22T20:20:54
MGYS00002222,oral,SRP079702_taxonomy_abundances_SSU_v4.1.tsv,4.1,250,1298,ok,2026-08-22T20:20:55
MGYS00005375,stool,ERP114377_taxonomy_abundances_SSU_v4.1.tsv,4.1,249,329,ok,2026-08-22T20:20:56
MGYS00005376,stool,,,0,0,no_ssu_table,2026-08-22T20:20:56
MGYS00005791,stool,ERP127967_taxonomy_abundances_SSU_v5.0.tsv,5.0,245,279,ok,2026-08-22T20:21:52
MGYS00005338,stool,,,0,0,no_ssu_table,2026-08-22T20:21:54
MGYS00005792,stool,,,0,0,no_ssu_table,2026-08-22T20:21:54
MGYS00005333,stool,ERP108859_taxonomy_abundances_SSU_v5.0.tsv,5.0,244,323,ok,2026-08-22T20:21:54
MGYS00002154,oral,SRP075100_taxonomy_abundances_SSU_v4.1.tsv,4.1,238,1155,ok,2026-08-22T20:21:55
MGYS00006339,respiratory,SRP244353_taxonomy_abundances_SSU_v5.0.tsv,5.0,238,611,ok,2026-08-22T20:21:57
MGYS00006479,respiratory,SRP107087_taxonomy_abundances_SSU_v5.0.tsv,5.0,234,952,ok,2026-08-22T20:22:52
MGYS00006501,respiratory,,,0,0,no_ssu_table,2026-08-22T20:22:53
MGYS00006519,respiratory,SRP200043_taxonomy_abundances_SSU_v5.0.tsv,5.0,228,425,ok,2026-08-22T20:22:53
MGYS00002173,oral,SRP060310_taxonomy_abundances_SSU_v4.1.tsv,4.1,224,2002,ok,2026-08-22T20:22:55
MGYS00000335,urogenital,ERP003902_taxonomy_abundances_v1.0.tsv,1.0,222,57,ok,2026-08-22T20:22:56
MGYS00005382,stool,,,0,0,no_ssu_table,2026-08-22T20:22:57
MGYS00005381,stool,ERP116533_taxonomy_abundances_SSU_v4.1.tsv,4.1,242,452,ok,2026-08-22T20:23:52
MGYS00006463,respiratory,SRP079927_taxonomy_abundances_SSU_v5.0.tsv,5.0,222,561,ok,2026-08-22T20:23:53
MGYS00006760,stool,ERP148661_taxonomy_abundances_SSU_v5.0.tsv,5.0,218,357,ok,2026-08-22T20:23:54
MGYS00006013,stool,SRP328679_taxonomy_abundances_SSU_v5.0.tsv,5.0,212,1547,ok,2026-08-22T20:23:55
MGYS00005105,stool,,,0,0,download_failed,2026-08-22T20:23:56
MGYS00001194,stool,SRP075039_taxonomy_abundances_v3.0.tsv,3.0,210,703,ok,2026-08-22T20:25:13
MGYS00001186,stool,SRP070464_taxonomy_abundances_SSU_v4.1.tsv,4.1,314,3136,ok,2026-08-22T20:25:14
MGYS00002234,oral,SRP058027_taxonomy_abundances_SSU_v4.1.tsv,4.1,209,1456,ok,2026-08-22T20:25:15
MGYS00001818,skin,ERP022958_taxonomy_abundances_v3.0.tsv,3.0,204,2055,ok,2026-08-22T20:25:15
MGYS00006506,respiratory,SRP165913_taxonomy_abundances_SSU_v5.0.tsv,5.0,204,1716,ok,2026-08-22T20:25:55
MGYS00006409,respiratory,SRP066375_taxonomy_abundances_SSU_v5.0.tsv,5.0,203,754,ok,2026-08-22T20:26:04
MGYS00005755,stool,SRP173877_taxonomy_abundances_SSU_v5.0.tsv,5.0,202,1158,ok,2026-08-22T20:26:14
MGYS00006529,respiratory,SRP185921_taxonomy_abundances_SSU_v5.0.tsv,5.0,202,632,ok,2026-08-22T20:26:15
MGYS00006305,respiratory,ERP138360_taxonomy_abundances_SSU_v5.0.tsv,5.0,125,583,ok,2026-08-22T20:26:15
MGYS00006471,respiratory,SRP100740_taxonomy_abundances_SSU_v5.0.tsv,5.0,199,947,ok,2026-08-22T20:26:55
MGYS00006825,stool,ERP160132_taxonomy_abundances_SSU_v5.0.tsv,5.0,197,307,ok,2026-08-22T20:27:04
MGYS00001556,stool,ERP015450_taxonomy_abundances_v3.0.tsv,3.0,195,1747,ok,2026-08-22T20:27:13
MGYS00002400,oral,DRP003098_taxonomy_abundances_SSU_v4.1.tsv,4.1,194,775,ok,2026-08-22T20:27:14
MGYS00006499,respiratory,SRP125799_taxonomy_abundances_SSU_v5.0.tsv,5.0,188,474,ok,2026-08-22T20:27:15
MGYS00006262,respiratory,ERP015681_taxonomy_abundances_SSU_v5.0.tsv,5.0,192,520,ok,2026-08-22T20:27:55
MGYS00005218,stool,SRP152889_taxonomy_abundances_SSU_v4.1.tsv,4.1,766,2357,ok,2026-08-22T20:28:05
MGYS00001209,oral,ERP017054_taxonomy_abundances_v3.0.tsv,3.0,158,1097,ok,2026-08-22T20:28:14
MGYS00000605,skin,SRP056364_taxonomy_abundances_v2.0.tsv,2.0,191,859,ok,2026-08-22T20:28:14
MGYS00002961,stool,ERP110418_taxonomy_abundances_SSU_v4.1.tsv,4.1,842,1507,ok,2026-08-22T20:28:15
MGYS00006261,respiratory,ERP112293_taxonomy_abundances_SSU_v5.0.tsv,5.0,190,990,ok,2026-08-22T20:28:54
MGYS00006249,respiratory,ERP129795_taxonomy_abundances_SSU_v5.0.tsv,5.0,188,600,ok,2026-08-22T20:29:05
MGYS00005373,stool,ERP114461_taxonomy_abundances_SSU_v4.1.tsv,4.1,188,236,ok,2026-08-22T20:29:13
MGYS00005374,stool,,,0,0,no_ssu_table,2026-08-22T20:29:14
MGYS00006515,respiratory,SRP193985_taxonomy_abundances_SSU_v5.0.tsv,5.0,186,660,ok,2026-08-22T20:29:15
MGYS00006483,respiratory,SRP073159_taxonomy_abundances_SSU_v5.0.tsv,5.0,184,403,ok,2026-08-22T20:29:52
MGYS00006514,respiratory,SRP190506_taxonomy_abundances_SSU_v5.0.tsv,5.0,184,1574,ok,2026-08-22T20:29:58
MGYS00006288,respiratory,ERP136881_taxonomy_abundances_SSU_v5.0.tsv,5.0,184,990,ok,2026-08-22T20:30:13
MGYS00001985,stool,ERP104047_taxonomy_abundances_SSU_v5.0.tsv,5.0,219,415,ok,2026-08-22T20:30:15
MGYS00006481,respiratory,SRP108364_taxonomy_abundances_SSU_v5.0.tsv,5.0,183,398,ok,2026-08-22T20:30:16
MGYS00006485,respiratory,SRP077299_taxonomy_abundances_SSU_v5.0.tsv,5.0,182,1060,ok,2026-08-22T20:30:52
MGYS00006275,respiratory,ERP124015_taxonomy_abundances_SSU_v5.0.tsv,5.0,181,1318,ok,2026-08-22T20:30:58
MGYS00006454,respiratory,SRP378933_taxonomy_abundances_SSU_v5.0.tsv,5.0,181,1187,ok,2026-08-22T20:31:13
MGYS00006348,respiratory,SRP282889_taxonomy_abundances_SSU_v5.0.tsv,5.0,179,637,ok,2026-08-22T20:31:15
MGYS00005102,skin,ERP108413_taxonomy_abundances_SSU_v4.1.tsv,4.1,179,2025,ok,2026-08-22T20:31:16
MGYS00006120,stool,SRP115494_taxonomy_abundances_SSU_v5.0.tsv,5.0,176,683,ok,2026-08-22T20:55:11
MGYS00005386,skin,ERP116476_taxonomy_abundances_SSU_v4.1.tsv,4.1,175,207,ok,2026-08-22T20:55:11
MGYS00006797,stool,ERP147940_taxonomy_abundances_SSU_v5.0.tsv,5.0,175,345,ok,2026-08-22T20:55:12
MGYS00002396,oral,DRP002688_taxonomy_abundances_SSU_v4.1.tsv,4.1,170,472,ok,2026-08-22T20:55:13
MGYS00006531,respiratory,SRP314565_taxonomy_abundances_SSU_v5.0.tsv,5.0,32,140,ok,2026-08-22T20:55:14
MGYS00006272,respiratory,ERP117623_taxonomy_abundances_SSU_v5.0.tsv,5.0,168,441,ok,2026-08-22T20:56:10
MGYS00006368,respiratory,SRP043334_taxonomy_abundances_SSU_v5.0.tsv,5.0,146,451,ok,2026-08-22T20:56:12
MGYS00006220,stool,SRP347452_taxonomy_abundances_SSU_v5.0.tsv,5.0,167,564,ok,2026-08-22T20:56:13
MGYS00006451,respiratory,SRP247553_taxonomy_abundances_SSU_v5.0.tsv,5.0,167,629,ok,2026-08-22T20:56:13
MGYS00001803,stool,ERP022894_taxonomy_abundances_v3.0.tsv,3.0,167,497,ok,2026-08-22T20:56:14
MGYS00006452,respiratory,SRP072013_taxonomy_abundances_SSU_v5.0.tsv,5.0,165,482,ok,2026-08-22T20:57:10
MGYS00002216,stool,SRP013615_taxonomy_abundances_SSU_v4.1.tsv,4.1,162,558,ok,2026-08-22T20:57:12
MGYS00002256,oral,SRP035877_taxonomy_abundances_SSU_v4.1.tsv,4.1,161,462,ok,2026-08-22T20:57:18
MGYS00006527,respiratory,,,0,0,no_ssu_table,2026-08-22T20:57:18
MGYS00005592,oral,ERP119456_taxonomy_abundances_SSU_v5.0.tsv,5.0,160,887,ok,2026-08-22T20:57:19
MGYS00006364,oral,ERP134534_taxonomy_abundances_SSU_v5.0.tsv,5.0,160,233,ok,2026-08-22T20:57:19
MGYS00006495,respiratory,SRP119252_taxonomy_abundances_SSU_v5.0.tsv,5.0,159,930,ok,2026-08-22T20:58:10
MGYS00001279,stool,ERP012549_taxonomy_abundances_v2.0.tsv,2.0,158,343,ok,2026-08-22T20:58:12
MGYS00005742,stool,DRP004306_taxonomy_abundances_SSU_v5.0.tsv,5.0,158,736,ok,2026-08-22T20:58:18
MGYS00006294,respiratory,SRP254143_taxonomy_abundances_SSU_v5.0.tsv,5.0,158,637,ok,2026-08-22T20:58:19
MGYS00006511,respiratory,SRP179511_taxonomy_abundances_SSU_v5.0.tsv,5.0,158,392,ok,2026-08-22T20:58:20
MGYS00001212,stool,SRP076281_taxonomy_abundances_v3.0.tsv,3.0,158,660,ok,2026-08-22T20:59:10
MGYS00000942,urogenital,ERP008640_taxonomy_abundances_v2.0.tsv,2.0,157,208,ok,2026-08-22T20:59:12
MGYS00001252,stool,SRP067761_taxonomy_abundances_v3.0.tsv,3.0,157,368,ok,2026-08-22T20:59:18
MGYS00006396,respiratory,SRP351044_taxonomy_abundances_SSU_v5.0.tsv,5.0,156,646,ok,2026-08-22T20:59:19
MGYS00002430,stool,ERP107085_taxonomy_abundances_SSU_v4.1.tsv,4.1,232,250,ok,2026-08-22T20:59:20
MGYS00001982,stool,ERP104041_taxonomy_abundances_SSU_v4.1.tsv,4.1,110,611,ok,2026-08-22T21:00:11
MGYS00006482,respiratory,SRP109319_taxonomy_abundances_SSU_v5.0.tsv,5.0,152,1785,ok,2026-08-22T21:00:12
MGYS00002174,oral,SRP050141_taxonomy_abundances_SSU_v4.1.tsv,4.1,150,373,ok,2026-08-22T21:00:17
MGYS00006399,stool,SRP359154_taxonomy_abundances_SSU_v5.0.tsv,5.0,149,533,ok,2026-08-22T21:00:18
MGYS00001650,stool,ERP004264_taxonomy_abundances_v3.0.tsv,3.0,148,330,ok,2026-08-22T21:00:19
MGYS00002269,oral,SRP062274_taxonomy_abundances_SSU_v4.1.tsv,4.1,147,559,ok,2026-08-22T21:01:10
MGYS00000322,stool,ERP002469_taxonomy_abundances_v1.0.tsv,1.0,147,212,ok,2026-08-22T21:01:12
MGYS00000583,oral,SRP058922_taxonomy_abundances_v2.0.tsv,2.0,145,267,ok,2026-08-22T21:01:18
MGYS00005573,skin,ERP122783_taxonomy_abundances_SSU_v5.0.tsv,5.0,143,103,ok,2026-08-22T21:01:19
MGYS00005574,skin,,,0,0,no_ssu_table,2026-08-22T21:01:19
MGYS00002267,oral,SRP056328_taxonomy_abundances_SSU_v4.1.tsv,4.1,140,633,ok,2026-08-22T21:02:09
MGYS00006356,respiratory,SRP293286_taxonomy_abundances_SSU_v5.0.tsv,5.0,139,408,ok,2026-08-22T21:02:12
MGYS00006381,respiratory,SRP326288_taxonomy_abundances_SSU_v5.0.tsv,5.0,133,343,ok,2026-08-22T21:02:17
MGYS00002361,oral,,,0,0,download_failed,2026-08-22T21:02:18
MGYS00006786,stool,ERP147955_taxonomy_abundances_SSU_v5.0.tsv,5.0,134,237,ok,2026-08-22T21:03:23
MGYS00006023,stool,SRP350207_taxonomy_abundances_SSU_v5.0.tsv,5.0,131,792,ok,2026-08-22T21:03:24
MGYS00006512,respiratory,SRP180208_taxonomy_abundances_SSU_v5.0.tsv,5.0,130,303,ok,2026-08-22T21:03:25
MGYS00002415,stool,ERP106599_taxonomy_abundances_SSU_v4.1.tsv,4.1,128,255,ok,2026-08-22T21:03:26
MGYS00001256,stool,SRP064888_taxonomy_abundances_v3.0.tsv,3.0,126,184,ok,2026-08-22T21:03:27
MGYS00006274,respiratory,ERP117281_taxonomy_abundances_SSU_v5.0.tsv,5.0,125,341,ok,2026-08-22T21:04:16
MGYS00000467,stool,ERP000108_taxonomy_abundances_v1.0.tsv,1.0,137,142,ok,2026-08-22T21:04:24
MGYS00005378,stool,,,0,0,no_ssu_table,2026-08-22T21:04:25
MGYS00005377,stool,ERP114158_taxonomy_abundances_SSU_v4.1.tsv,4.1,526,144,ok,2026-08-22T21:04:25
MGYS00003575,stool,ERP108138_taxonomy_abundances_SSU_v5.0.tsv,5.0,1340,322,ok,2026-08-22T21:04:27
MGYS00005336,stool,,,0,0,no_ssu_table,2026-08-22T21:05:10
MGYS00005023,stool,ERP109164_taxonomy_abundances_SSU_v5.0.tsv,5.0,122,265,ok,2026-08-22T21:05:15
MGYS00006525,respiratory,SRP213919_taxonomy_abundances_SSU_v5.0.tsv,5.0,122,568,ok,2026-08-22T21:05:24
MGYS00006252,respiratory,ERP014594_taxonomy_abundances_SSU_v5.0.tsv,5.0,122,543,ok,2026-08-22T21:05:25
MGYS00005702,stool,ERP126051_taxonomy_abundances_SSU_v5.0.tsv,5.0,121,168,ok,2026-08-22T21:05:26
MGYS00006460,respiratory,SRP072219_taxonomy_abundances_SSU_v5.0.tsv,5.0,121,536,ok,2026-08-22T21:05:27
MGYS00005090,skin,ERP115944_taxonomy_abundances_SSU_v4.1.tsv,4.1,120,41,ok,2026-08-22T21:06:15
MGYS00003478,stool,ERP108251_taxonomy_abundances_SSU_v4.1.tsv,4.1,120,204,ok,2026-08-22T21:06:23
MGYS00006144,stool,ERP141414_taxonomy_abundances_SSU_v5.0.tsv,5.0,120,237,ok,2026-08-22T21:06:24
MGYS00001168,urogenital,ERP005184_taxonomy_abundances_v3.0.tsv,3.0,120,274,ok,2026-08-22T21:06:26
MGYS00006255,respiratory,ERP020410_taxonomy_abundances_SSU_v5.0.tsv,5.0,119,601,ok,2026-08-22T21:06:27
MGYS00001250,stool,SRP067522_taxonomy_abundances_v3.0.tsv,3.0,118,276,ok,2026-08-22T21:07:16
MGYS00006469,respiratory,SRP096312_taxonomy_abundances_SSU_v5.0.tsv,5.0,118,552,ok,2026-08-22T21:07:24
MGYS00006257,respiratory,ERP051557_taxonomy_abundances_SSU_v5.0.tsv,5.0,113,642,ok,2026-08-22T21:07:24
MGYS00006367,respiratory,SRP044029_taxonomy_abundances_SSU_v5.0.tsv,5.0,100,357,ok,2026-08-22T21:07:25
MGYS00002349,respiratory,ERP108338_taxonomy_abundances_SSU_v4.1.tsv,4.1,118,799,ok,2026-08-22T21:07:26
MGYS00006484,respiratory,SRP076183_taxonomy_abundances_SSU_v5.0.tsv,5.0,116,266,ok,2026-08-22T21:08:16
MGYS00006769,stool,ERP147945_taxonomy_abundances_SSU_v5.0.tsv,5.0,116,282,ok,2026-08-22T21:08:23
MGYS00002275,oral,SRP106767_taxonomy_abundances_SSU_v4.1.tsv,4.1,117,448,ok,2026-08-22T21:08:25
MGYS00005130,stool,ERP112853_taxonomy_abundances_SSU_v4.1.tsv,4.1,115,2028,ok,2026-08-22T21:08:25
MGYS00006518,respiratory,SRP200040_taxonomy_abundances_SSU_v5.0.tsv,5.0,113,326,ok,2026-08-22T21:08:26
MGYS00001190,stool,SRP073722_taxonomy_abundances_v3.0.tsv,3.0,112,553,ok,2026-08-22T21:09:16
MGYS00001886,stool,ERP015692_taxonomy_abundances_v3.0.tsv,3.0,111,411,ok,2026-08-22T21:09:24
MGYS00002238,oral,SRP097646_taxonomy_abundances_SSU_v5.0.tsv,5.0,111,674,ok,2026-08-22T21:09:25
MGYS00006032,respiratory,ERP135873_taxonomy_abundances_SSU_v5.0.tsv,5.0,111,807,ok,2026-08-22T21:09:25
MGYS00002081,stool,ERP105282_taxonomy_abundances_SSU_v4.0.tsv,4.0,85,1545,ok,2026-08-22T21:09:26
MGYS00002417,stool,ERP106618_taxonomy_abundances_SSU_v4.1.tsv,4.1,544,259,ok,2026-08-22T21:10:15
MGYS00005399,stool,ERP116584_taxonomy_abundances_SSU_v4.1.tsv,4.1,110,217,ok,2026-08-22T21:10:24
MGYS00006083,respiratory,,,0,0,download_failed,2026-08-22T21:10:25
MGYS00005400,stool,,,0,0,no_ssu_table,2026-08-22T21:11:17
MGYS00005135,skin,ERP005151_taxonomy_abundances_SSU_v4.1.tsv,4.1,109,1250,ok,2026-08-22T21:11:17
MGYS00006789,stool,ERP148573_taxonomy_abundances_SSU_v5.0.tsv,5.0,108,300,ok,2026-08-22T21:11:23
MGYS00006567,skin,ERP139818_taxonomy_abundances_SSU_v5.0.tsv,5.0,108,252,ok,2026-08-22T21:11:25
MGYS00006787,stool,ERP160127_taxonomy_abundances_SSU_v5.0.tsv,5.0,108,278,ok,2026-08-22T21:11:26
MGYS00006496,respiratory,SRP122946_taxonomy_abundances_SSU_v5.0.tsv,5.0,106,1138,ok,2026-08-22T21:11:32
MGYS00006016,stool,SRP307447_taxonomy_abundances_SSU_v5.0.tsv,5.0,106,782,ok,2026-08-22T21:12:17
MGYS00005037,skin,SRP056821_taxonomy_abundances_SSU_v4.1.tsv,4.1,106,2586,ok,2026-08-22T21:12:23
MGYS00002207,stool,ERP106702_taxonomy_abundances_SSU_v4.1.tsv,4.1,104,1097,ok,2026-08-22T21:12:24
MGYS00003441,stool,SRP125313_taxonomy_abundances_SSU_v4.1.tsv,4.1,102,1374,ok,2026-08-22T21:12:25
MGYS00002233,oral,SRP112540_taxonomy_abundances_SSU_v4.1.tsv,4.1,103,2407,ok,2026-08-22T21:12:32
MGYS00006391,respiratory,SRP342537_taxonomy_abundances_SSU_v5.0.tsv,5.0,97,219,ok,2026-08-22T21:13:17
MGYS00006347,respiratory,SRP273063_taxonomy_abundances_SSU_v5.0.tsv,5.0,103,1013,ok,2026-08-22T21:13:23
MGYS00003511,stool,ERP108955_taxonomy_abundances_SSU_v5.0.tsv,5.0,102,253,ok,2026-08-22T21:13:24
MGYS00006559,stool,SRP331280_taxonomy_abundances_SSU_v5.0.tsv,5.0,102,479,ok,2026-08-22T21:13:25
MGYS00006502,respiratory,SRP136124_taxonomy_abundances_SSU_v5.0.tsv,5.0,102,446,ok,2026-08-22T21:13:31
MGYS00006790,respiratory,ERP115080_taxonomy_abundances_SSU_v5.0.tsv,5.0,103,602,ok,2026-08-22T21:14:18
MGYS00005341,stool,,,0,0,no_ssu_table,2026-08-22T21:14:24
MGYS00002224,oral,SRP077982_taxonomy_abundances_SSU_v4.1.tsv,4.1,101,1429,ok,2026-08-22T21:14:24
MGYS00006351,stool,SRP285044_taxonomy_abundances_SSU_v5.0.tsv,5.0,101,504,ok,2026-08-22T21:14:26
MGYS00005098,skin,SRP133226_taxonomy_abundances_SSU_v4.1.tsv,4.1,101,1966,ok,2026-08-22T21:14:27
MGYS00006447,respiratory,SRP389751_taxonomy_abundances_SSU_v5.0.tsv,5.0,100,577,ok,2026-08-22T21:15:09
MGYS00006224,stool,ERP137596_taxonomy_abundances_SSU_v5.0.tsv,5.0,99,294,ok,2026-08-22T21:15:24
MGYS00002229,oral,SRP051201_taxonomy_abundances_SSU_v4.1.tsv,4.1,100,453,ok,2026-08-22T21:15:25
MGYS00005591,stool,ERP122744_taxonomy_abundances_SSU_v5.0.tsv,5.0,100,788,ok,2026-08-22T21:15:26
MGYS00006076,stool,ERP140519_taxonomy_abundances_SSU_v5.0.tsv,5.0,100,267,ok,2026-08-22T21:15:27
MGYS00006383,respiratory,SRP331217_taxonomy_abundances_SSU_v5.0.tsv,5.0,100,1358,ok,2026-08-22T21:16:09
MGYS00006811,stool,ERP147961_taxonomy_abundances_SSU_v5.0.tsv,5.0,98,168,ok,2026-08-22T21:16:24
MGYS00006464,respiratory,SRP080867_taxonomy_abundances_SSU_v5.0.tsv,5.0,97,789,ok,2026-08-22T21:16:25
MGYS00002411,stool,ERP106357_taxonomy_abundances_SSU_v4.1.tsv,4.1,97,195,ok,2026-08-22T21:16:26
MGYS00001295,skin,ERP018577_taxonomy_abundances_v3.0.tsv,3.0,96,947,ok,2026-08-22T21:16:28
MGYS00002139,stool,ERP106237_taxonomy_abundances_SSU_v4.1.tsv,4.1,96,547,ok,2026-08-22T21:17:10
MGYS00002210,oral,ERP004294_taxonomy_abundances_SSU_v4.1.tsv,4.1,96,1217,ok,2026-08-22T21:27:06
MGYS00003598,skin,ERP107925_taxonomy_abundances_SSU_v5.0.tsv,5.0,1,17,ok,2026-08-22T21:27:07
MGYS00005358,stool,,,0,0,no_ssu_table,2026-08-22T21:27:08
MGYS00006393,respiratory,SRP346149_taxonomy_abundances_SSU_v5.0.tsv,5.0,93,1217,ok,2026-08-22T21:27:08
MGYS00002148,oral,SRP026653_taxonomy_abundances_SSU_v4.1.tsv,4.1,92,442,ok,2026-08-22T21:27:09
MGYS00002436,stool,ERP106707_taxonomy_abundances_SSU_v4.1.tsv,4.1,92,168,ok,2026-08-22T21:27:10
MGYS00002038,stool,ERP104200_taxonomy_abundances_SSU_v4.1.tsv,4.1,53,156,ok,2026-08-22T21:28:06
MGYS00006276,oral,ERP128187_taxonomy_abundances_SSU_v5.0.tsv,5.0,91,983,ok,2026-08-22T21:28:07
MGYS00002277,oral,SRP119591_taxonomy_abundances_SSU_v4.1.tsv,4.1,89,884,ok,2026-08-22T21:28:09
MGYS00003894,stool,SRP158183_taxonomy_abundances_SSU_v4.1.tsv,4.1,89,1677,ok,2026-08-22T21:28:10
MGYS00006641,oral,ERP127228_taxonomy_abundances_SSU_v5.0.tsv,5.0,88,210,ok,2026-08-22T21:28:11
MGYS00001280,stool,ERP014628_taxonomy_abundances_v2.0.tsv,2.0,88,561,ok,2026-08-22T21:29:06
MGYS00002146,oral,SRP009299_taxonomy_abundances_SSU_v4.1.tsv,4.1,178,930,ok,2026-08-22T21:29:07
MGYS00002138,stool,ERP106248_taxonomy_abundances_SSU_v4.1.tsv,4.1,86,1152,ok,2026-08-22T21:29:08
MGYS00006453,stool,SRP361980_taxonomy_abundances_SSU_v5.0.tsv,5.0,86,935,ok,2026-08-22T21:29:09
MGYS00006805,stool,ERP148499_taxonomy_abundances_SSU_v5.0.tsv,5.0,86,276,ok,2026-08-22T21:29:10
MGYS00006382,respiratory,SRP326296_taxonomy_abundances_SSU_v5.0.tsv,5.0,85,624,ok,2026-08-22T21:30:07
MGYS00006574,oral,ERP149395_taxonomy_abundances_SSU_v5.0.tsv,5.0,223,208,ok,2026-08-22T21:30:07
MGYS00006295,respiratory,SRP036061_taxonomy_abundances_SSU_v5.0.tsv,5.0,84,153,ok,2026-08-22T21:30:09
MGYS00006862,stool,ERP175206_taxonomy_abundances_SSU_v5.0.tsv,5.0,84,223,ok,2026-08-22T21:30:09
MGYS00006497,respiratory,SRP124269_taxonomy_abundances_SSU_v5.0.tsv,5.0,84,336,ok,2026-08-22T21:30:10
MGYS00006755,stool,SRP097190_taxonomy_abundances_SSU_v5.0.tsv,5.0,83,730,ok,2026-08-22T21:31:07
MGYS00002397,stool,ERP109116_taxonomy_abundances_SSU_v4.1.tsv,4.1,83,1602,ok,2026-08-22T21:31:08
MGYS00002064,stool,ERP105247_taxonomy_abundances_SSU_v4.0.tsv,4.0,83,439,ok,2026-08-22T21:31:09
MGYS00006640,oral,ERP150574_taxonomy_abundances_SSU_v5.0.tsv,5.0,74,212,ok,2026-08-22T21:31:10
MGYS00002701,respiratory,ERP110218_taxonomy_abundances_SSU_v4.1.tsv,4.1,82,1703,ok,2026-08-22T21:31:10
MGYS00006553,stool,ERP152995_taxonomy_abundances_SSU_v5.0.tsv,5.0,231,318,ok,2026-08-22T21:32:07
MGYS00000351,stool,ERP005185_taxonomy_abundances_v1.0.tsv,1.0,81,134,ok,2026-08-22T21:32:08
MGYS00006503,respiratory,SRP144030_taxonomy_abundances_SSU_v5.0.tsv,5.0,81,521,ok,2026-08-22T21:32:09
MGYS00005327,stool,ERP116614_taxonomy_abundances_SSU_v4.1.tsv,4.1,80,179,ok,2026-08-22T21:32:10
MGYS00002219,oral,SRP097643_taxonomy_abundances_SSU_v4.1.tsv,4.1,80,1308,ok,2026-08-22T21:32:11
MGYS00001210,stool,SRP077632_taxonomy_abundances_v3.0.tsv,3.0,79,370,ok,2026-08-22T21:33:07
MGYS00005346,stool,,,0,0,no_ssu_table,2026-08-22T21:33:08
MGYS00006380,stool,SRP323777_taxonomy_abundances_SSU_v5.0.tsv,5.0,79,1003,ok,2026-08-22T21:33:08
MGYS00001541,stool,SRP045568_taxonomy_abundances_v3.0.tsv,3.0,0,0,ok,2026-08-22T21:33:09
MGYS00006326,respiratory,SRP041659_taxonomy_abundances_SSU_v5.0.tsv,5.0,77,450,ok,2026-08-22T21:33:10
MGYS00006268,respiratory,ERP113517_taxonomy_abundances_SSU_v5.0.tsv,5.0,63,375,ok,2026-08-22T21:34:04
MGYS00006426,respiratory,,,0,0,no_ssu_table,2026-08-22T21:34:06
MGYS00006352,respiratory,SRP285673_taxonomy_abundances_SSU_v5.0.tsv,5.0,77,839,ok,2026-08-22T21:34:07
MGYS00002213,oral,SRP008130_taxonomy_abundances_SSU_v4.1.tsv,4.1,76,573,ok,2026-08-22T21:34:08
MGYS00006222,stool,ERP118779_taxonomy_abundances_SSU_v5.0.tsv,5.0,76,736,ok,2026-08-22T21:34:09
MGYS00006005,stool,SRP354185_taxonomy_abundances_SSU_v5.0.tsv,5.0,76,287,ok,2026-08-22T21:34:10
MGYS00006476,respiratory,SRP188475_taxonomy_abundances_SSU_v5.0.tsv,5.0,73,235,ok,2026-08-22T21:35:07
MGYS00000580,stool,ERP013262_taxonomy_abundances_SSU_v5.0.tsv,5.0,75,652,ok,2026-08-22T21:35:07
MGYS00002434,stool,ERP109375_taxonomy_abundances_SSU_v4.1.tsv,4.1,74,1334,ok,2026-08-22T21:35:09
MGYS00006419,stool,SRP386769_taxonomy_abundances_SSU_v5.0.tsv,5.0,75,703,ok,2026-08-22T21:35:09
MGYS00006418,respiratory,SRP377736_taxonomy_abundances_SSU_v5.0.tsv,5.0,74,1723,ok,2026-08-22T21:35:10
MGYS00006513,respiratory,SRP181201_taxonomy_abundances_SSU_v5.0.tsv,5.0,51,32,ok,2026-08-22T21:36:07
MGYS00001766,oral,ERP023000_taxonomy_abundances_v3.0.tsv,3.0,74,626,ok,2026-08-22T21:36:08
MGYS00006561,urogenital,ERP141739_taxonomy_abundances_SSU_v5.0.tsv,5.0,28,5,ok,2026-08-22T21:36:09
MGYS00000521,stool,ERP011562_taxonomy_abundances_v2.0.tsv,2.0,71,513,ok,2026-08-22T21:36:10
MGYS00005101,skin,SRP057859_taxonomy_abundances_SSU_v4.1.tsv,4.1,73,524,ok,2026-08-22T21:36:11
MGYS00004399,stool,SRP067029_taxonomy_abundances_SSU_v4.1.tsv,4.1,73,1103,ok,2026-08-22T21:37:07
MGYS00006014,respiratory,SRP329604_taxonomy_abundances_SSU_v5.0.tsv,5.0,73,489,ok,2026-08-22T21:37:08
MGYS00001373,urogenital,ERP020673_taxonomy_abundances_v3.0.tsv,3.0,72,502,ok,2026-08-22T21:37:09
MGYS00001175,stool,ERP009131_taxonomy_abundances_v2.0.tsv,2.0,1252,1420,ok,2026-08-22T21:37:10
MGYS00002188,oral,ERP005509_taxonomy_abundances_SSU_v4.1.tsv,4.1,72,709,ok,2026-08-22T21:37:11
MGYS00005619,stool,ERP123477_taxonomy_abundances_SSU_v5.0.tsv,5.0,1244,212,ok,2026-08-22T21:38:07
MGYS00005392,stool,,,0,0,no_ssu_table,2026-08-22T21:38:08
MGYS00006271,respiratory,ERP117039_taxonomy_abundances_SSU_v5.0.tsv,5.0,71,806,ok,2026-08-22T21:38:08
MGYS00005569,oral,SRP256368_taxonomy_abundances_SSU_v5.0.tsv,5.0,71,568,ok,2026-08-22T21:38:09
MGYS00006517,respiratory,SRP200039_taxonomy_abundances_SSU_v5.0.tsv,5.0,70,498,ok,2026-08-22T21:38:10
MGYS00006292,stool,SRP248397_taxonomy_abundances_SSU_v5.0.tsv,5.0,70,632,ok,2026-08-22T21:39:04
MGYS00005816,stool,ERP125466_taxonomy_abundances_SSU_v5.0.tsv,5.0,383,193,ok,2026-08-22T21:39:06
MGYS00005817,stool,,,0,0,no_ssu_table,2026-08-22T21:39:07
MGYS00006814,stool,ERP148607_taxonomy_abundances_SSU_v5.0.tsv,5.0,68,281,ok,2026-08-22T21:39:08
MGYS00002395,oral,SRP123221_taxonomy_abundances_SSU_v4.1.tsv,4.1,68,897,ok,2026-08-22T21:39:09
MGYS00006365,oral,ERP141370_taxonomy_abundances_SSU_v5.0.tsv,5.0,67,169,ok,2026-08-22T21:39:11
MGYS00006815,stool,ERP147808_taxonomy_abundances_SSU_v5.0.tsv,5.0,67,191,ok,2026-08-22T21:40:06
MGYS00006375,respiratory,SRP314488_taxonomy_abundances_SSU_v5.0.tsv,5.0,373,483,ok,2026-08-22T21:40:07
MGYS00006403,respiratory,SRP368119_taxonomy_abundances_SSU_v5.0.tsv,5.0,67,1949,ok,2026-08-22T21:40:08
MGYS00006226,stool,SRP343296_taxonomy_abundances_SSU_v5.0.tsv,5.0,67,409,ok,2026-08-22T21:40:09
MGYS00006308,urogenital,ERP140580_taxonomy_abundances_SSU_v5.0.tsv,5.0,66,134,ok,2026-08-22T21:40:10
MGYS00002356,oral,DRP003793_taxonomy_abundances_SSU_v4.1.tsv,4.1,66,564,ok,2026-08-22T21:41:07
MGYS00002353,oral,DRP002880_taxonomy_abundances_SSU_v4.1.tsv,4.1,66,376,ok,2026-08-22T21:41:08
MGYS00006350,respiratory,SRP284518_taxonomy_abundances_SSU_v5.0.tsv,5.0,66,1321,ok,2026-08-22T21:41:09
MGYS00006327,respiratory,SRP043676_taxonomy_abundances_SSU_v5.0.tsv,5.0,65,1019,ok,2026-08-22T21:41:10
MGYS00006631,oral,ERP150573_taxonomy_abundances_SSU_v5.0.tsv,5.0,65,304,ok,2026-08-22T21:41:10
MGYS00005795,stool,ERP128033_taxonomy_abundances_SSU_v5.0.tsv,5.0,64,232,ok,2026-08-22T21:42:07
MGYS00003346,stool,ERP108481_taxonomy_abundances_SSU_v4.1.tsv,4.1,63,132,ok,2026-08-22T21:42:08
MGYS00006494,respiratory,SRP025173_taxonomy_abundances_SSU_v5.0.tsv,5.0,63,516,ok,2026-08-22T21:42:09
MGYS00002354,oral,DRP002882_taxonomy_abundances_SSU_v4.1.tsv,4.1,63,338,ok,2026-08-22T21:42:10
MGYS00006500,respiratory,SRP132446_taxonomy_abundances_SSU_v5.0.tsv,5.0,32,266,ok,2026-08-22T21:42:11
MGYS00006468,respiratory,SRP095245_taxonomy_abundances_SSU_v5.0.tsv,5.0,62,1077,ok,2026-08-22T21:43:07
MGYS00003479,stool,ERP106673_taxonomy_abundances_SSU_v4.1.tsv,4.1,62,264,ok,2026-08-22T21:43:08
MGYS00002362,oral,,,0,0,download_failed,2026-08-22T21:43:09
MGYS00005594,stool,SRP276112_taxonomy_abundances_SSU_v5.0.tsv,5.0,61,1213,ok,2026-08-22T21:44:13
MGYS00005411,stool,ERP116015_taxonomy_abundances_SSU_v4.1.tsv,4.1,59,122,ok,2026-08-22T21:44:13
MGYS00006807,stool,ERP170897_taxonomy_abundances_SSU_v5.0.tsv,5.0,60,229,ok,2026-08-22T21:44:14
MGYS00002587,oral,ERP109049_taxonomy_abundances_SSU_v4.1.tsv,4.1,60,961,ok,2026-08-22T21:44:15
MGYS00006508,respiratory,SRP171599_taxonomy_abundances_SSU_v5.0.tsv,5.0,60,615,ok,2026-08-22T21:44:16
MGYS00005412,stool,,,0,0,no_ssu_table,2026-08-22T21:45:04
MGYS00006614,oral,ERP141818_taxonomy_abundances_SSU_v5.0.tsv,5.0,60,195,ok,2026-08-22T21:45:12
MGYS00006615,oral,ERP141857_taxonomy_abundances_SSU_v5.0.tsv,5.0,61,196,ok,2026-08-22T21:45:13
MGYS00006635,oral,ERP151145_taxonomy_abundances_SSU_v5.0.tsv,5.0,60,134,ok,2026-08-22T21:45:15
MGYS00002431,stool,ERP107086_taxonomy_abundances_SSU_v4.1.tsv,4.1,271,226,ok,2026-08-22T21:45:16
MGYS00003712,stool,ERP019674_taxonomy_abundances_SSU_v4.1.tsv,4.1,247,995,ok,2026-08-22T21:45:16
MGYS00006290,respiratory,SRP233398_taxonomy_abundances_SSU_v5.0.tsv,5.0,58,341,ok,2026-08-22T21:46:12
MGYS00006304,respiratory,ERP134910_taxonomy_abundances_SSU_v5.0.tsv,5.0,34,316,ok,2026-08-22T21:46:13
MGYS00006223,stool,SRP261866_taxonomy_abundances_SSU_v5.0.tsv,5.0,45,52,ok,2026-08-22T21:46:14
MGYS00006325,respiratory,,,0,0,no_ssu_table,2026-08-22T21:46:15
MGYS00005086,stool,ERP116046_taxonomy_abundances_SSU_v4.1.tsv,4.1,57,218,ok,2026-08-22T21:46:15
MGYS00005357,stool,,,0,0,no_ssu_table,2026-08-22T21:47:05
MGYS00006779,stool,ERP148332_taxonomy_abundances_SSU_v5.0.tsv,5.0,57,220,ok,2026-08-22T21:47:12
MGYS00002217,oral,SRP062418_taxonomy_abundances_SSU_v4.1.tsv,4.1,57,604,ok,2026-08-22T21:47:14
MGYS00006642,oral,ERP127229_taxonomy_abundances_SSU_v5.0.tsv,5.0,57,68,ok,2026-08-22T21:47:14
MGYS00005144,stool,ERP118185_taxonomy_abundances_SSU_v4.1.tsv,4.1,84,181,ok,2026-08-22T21:47:15
MGYS00005693,oral,ERP125117_taxonomy_abundances_SSU_v5.0.tsv,5.0,310,176,ok,2026-08-22T21:47:16
MGYS00000499,stool,ERP007244_taxonomy_abundances_v2.0.tsv,2.0,56,293,ok,2026-08-22T21:48:13
MGYS00006319,respiratory,SRP032759_taxonomy_abundances_SSU_v5.0.tsv,5.0,56,414,ok,2026-08-22T21:48:14
MGYS00003148,stool,ERP110943_taxonomy_abundances_SSU_v4.1.tsv,4.1,56,1613,ok,2026-08-22T21:48:15
MGYS00001832,respiratory,ERP005269_taxonomy_abundances_v3.0.tsv,3.0,56,643,ok,2026-08-22T21:48:15
MGYS00005694,oral,,,0,0,no_ssu_table,2026-08-22T21:48:16
MGYS00003857,oral,ERP016748_taxonomy_abundances_SSU_v4.1.tsv,4.1,56,579,ok,2026-08-22T21:49:04
MGYS00006284,respiratory,ERP124751_taxonomy_abundances_SSU_v5.0.tsv,5.0,56,534,ok,2026-08-22T21:49:13
MGYS00002230,oral,SRP067603_taxonomy_abundances_SSU_v4.1.tsv,4.1,108,1442,ok,2026-08-22T21:49:14
MGYS00006321,respiratory,SRP039563_taxonomy_abundances_SSU_v5.0.tsv,5.0,56,303,ok,2026-08-22T21:49:15
MGYS00005516,stool,,,0,0,no_ssu_table,2026-08-22T21:49:16
MGYS00002418,stool,ERP106627_taxonomy_abundances_SSU_v4.1.tsv,4.1,283,156,ok,2026-08-22T21:49:16
MGYS00006822,stool,ERP148470_taxonomy_abundances_SSU_v5.0.tsv,5.0,55,201,ok,2026-08-22T21:50:13
MGYS00006448,respiratory,SRP397402_taxonomy_abundances_SSU_v5.0.tsv,5.0,55,573,ok,2026-08-22T21:50:14
MGYS00001420,stool,ERP013827_taxonomy_abundances_v3.0.tsv,3.0,215,425,ok,2026-08-22T21:50:15
MGYS00006436,respiratory,SRP067346_taxonomy_abundances_SSU_v5.0.tsv,5.0,54,437,ok,2026-08-22T21:50:16
MGYS00006017,oral,SRP330744_taxonomy_abundances_SSU_v5.0.tsv,5.0,53,501,ok,2026-08-22T21:50:17
MGYS00002480,stool,ERP106326_taxonomy_abundances_SSU_v4.1.tsv,4.1,53,1034,ok,2026-08-22T21:51:12
MGYS00002334,stool,ERP106364_taxonomy_abundances_SSU_v4.1.tsv,4.1,68,70,ok,2026-08-22T21:51:13
MGYS00006439,respiratory,SRP069223_taxonomy_abundances_SSU_v5.0.tsv,5.0,52,322,ok,2026-08-22T21:51:14
MGYS00002350,oral,DRP002428_taxonomy_abundances_SSU_v4.1.tsv,4.1,52,323,ok,2026-08-22T21:51:15
MGYS00006358,respiratory,SRP298878_taxonomy_abundances_SSU_v5.0.tsv,5.0,52,531,ok,2026-08-22T21:51:16
MGYS00002061,stool,ERP104235_taxonomy_abundances_SSU_v5.0.tsv,5.0,52,153,ok,2026-08-22T21:52:13
MGYS00005350,stool,,,0,0,no_ssu_table,2026-08-22T21:52:14
MGYS00006279,respiratory,ERP134414_taxonomy_abundances_SSU_v5.0.tsv,5.0,51,432,ok,2026-08-22T21:52:14
MGYS00002351,oral,DRP002429_taxonomy_abundances_SSU_v4.1.tsv,4.1,51,366,ok,2026-08-22T21:52:14
MGYS00006509,respiratory,SRP173779_taxonomy_abundances_SSU_v5.0.tsv,5.0,102,933,ok,2026-08-22T21:52:16
MGYS00006335,oral,SRP228286_taxonomy_abundances_SSU_v5.0.tsv,5.0,2,1,ok,2026-08-22T21:53:05
MGYS00006346,respiratory,SRP272470_taxonomy_abundances_SSU_v5.0.tsv,5.0,50,704,ok,2026-08-22T21:53:13
MGYS00006246,respiratory,ERP149135_taxonomy_abundances_SSU_v5.0.tsv,5.0,50,523,ok,2026-08-22T21:53:14
MGYS00002273,oral,SRP077498_taxonomy_abundances_SSU_v4.1.tsv,4.1,50,216,ok,2026-08-22T21:53:15
MGYS00006219,stool,ERP137776_taxonomy_abundances_SSU_v5.0.tsv,5.0,50,365,ok,2026-08-22T21:53:16
MGYS00006330,respiratory,SRP057949_taxonomy_abundances_SSU_v5.0.tsv,5.0,50,911,ok,2026-08-22T21:54:05
MGYS00001647,stool,DRP001277_taxonomy_abundances_v3.0.tsv,3.0,49,212,ok,2026-08-22T21:54:13
MGYS00006413,respiratory,SRP326134_taxonomy_abundances_SSU_v5.0.tsv,5.0,33,26,ok,2026-08-22T21:54:14
MGYS00002177,stool,SRP115612_taxonomy_abundances_SSU_v4.1.tsv,4.1,49,346,ok,2026-08-22T21:54:15
MGYS00006648,skin,ERP156480_taxonomy_abundances_SSU_v5.0.tsv,5.0,67,1510,ok,2026-08-22T21:54:16
MGYS00001648,respiratory,DRP003095_taxonomy_abundances_SSU_v5.0.tsv,5.0,49,372,ok,2026-08-22T21:55:04
MGYS00006331,respiratory,SRP060025_taxonomy_abundances_SSU_v5.0.tsv,5.0,48,661,ok,2026-08-22T21:55:13
MGYS00006636,oral,ERP150575_taxonomy_abundances_SSU_v5.0.tsv,5.0,48,240,ok,2026-08-22T21:55:14
MGYS00006394,stool,SRP347299_taxonomy_abundances_SSU_v5.0.tsv,5.0,47,249,ok,2026-08-22T21:55:15
MGYS00005423,skin,ERP115473_taxonomy_abundances_SSU_v4.1.tsv,4.1,47,203,ok,2026-08-22T21:55:16
MGYS00006221,stool,ERP122530_taxonomy_abundances_SSU_v5.0.tsv,5.0,46,511,ok,2026-08-22T21:56:04
MGYS00006323,respiratory,SRP040968_taxonomy_abundances_SSU_v5.0.tsv,5.0,46,127,ok,2026-08-22T21:56:12
MGYS00006526,respiratory,SRP214694_taxonomy_abundances_SSU_v5.0.tsv,5.0,46,298,ok,2026-08-22T21:56:13
MGYS00006397,respiratory,SRP354258_taxonomy_abundances_SSU_v5.0.tsv,5.0,46,1015,ok,2026-08-22T21:56:14
MGYS00006458,respiratory,SRP015882_taxonomy_abundances_SSU_v5.0.tsv,5.0,46,453,ok,2026-08-22T21:56:15
MGYS00005424,skin,,,0,0,no_ssu_table,2026-08-22T21:57:05
MGYS00002259,oral,SRP042281_taxonomy_abundances_SSU_v4.1.tsv,4.1,45,345,ok,2026-08-22T21:57:12
MGYS00006012,stool,DRP008009_taxonomy_abundances_SSU_v5.0.tsv,5.0,45,550,ok,2026-08-22T21:57:13
MGYS00002358,oral,DRP003845_taxonomy_abundances_SSU_v4.1.tsv,4.1,48,1898,ok,2026-08-22T21:57:14
MGYS00006628,urogenital,ERP138504_taxonomy_abundances_SSU_v5.0.tsv,5.0,45,76,ok,2026-08-22T21:57:15
MGYS00002232,oral,SRP103050_taxonomy_abundances_SSU_v4.1.tsv,4.1,88,1041,ok,2026-08-22T21:57:16
MGYS00000350,stool,ERP001956_taxonomy_abundances_v1.0.tsv,1.0,53,138,ok,2026-08-22T21:58:13
MGYS00006619,oral,ERP141706_taxonomy_abundances_SSU_v5.0.tsv,5.0,46,132,ok,2026-08-22T21:58:14
MGYS00001071,stool,SRP055567_taxonomy_abundances_v2.0.tsv,2.0,43,543,ok,2026-08-22T21:58:15
MGYS00002209,oral,DRP002300_taxonomy_abundances_SSU_v4.1.tsv,4.1,43,296,ok,2026-08-22T21:58:16
MGYS00006422,respiratory,SRP413524_taxonomy_abundances_SSU_v5.0.tsv,5.0,42,532,ok,2026-08-22T21:58:17
MGYS00006121,stool,ERP142200_taxonomy_abundances_SSU_v5.0.tsv,5.0,42,291,ok,2026-08-22T21:59:13
MGYS00001302,oral,SRP029257_taxonomy_abundances_v3.0.tsv,3.0,32,806,ok,2026-08-22T21:59:14
MGYS00000465,stool,ERP008951_taxonomy_abundances_v2.0.tsv,2.0,40,716,ok,2026-08-22T21:59:15
MGYS00002237,oral,SRP093358_taxonomy_abundances_SSU_v4.1.tsv,4.1,40,1240,ok,2026-08-22T21:59:16
MGYS00001863,urogenital,ERP023694_taxonomy_abundances_v3.0.tsv,3.0,40,119,ok,2026-08-22T21:59:17
MGYS00001099,stool,ERP009053_taxonomy_abundances_v2.0.tsv,2.0,40,286,ok,2026-08-22T22:12:44
MGYS00006824,stool,ERP147941_taxonomy_abundances_SSU_v5.0.tsv,5.0,40,194,ok,2026-08-22T22:12:45
MGYS00005425,stool,ERP114883_taxonomy_abundances_SSU_v4.1.tsv,4.1,40,121,ok,2026-08-22T22:12:46
MGYS00001901,stool,ERP024243_taxonomy_abundances_v3.0.tsv,3.0,40,598,ok,2026-08-22T22:12:47
MGYS00002272,oral,SRP073270_taxonomy_abundances_SSU_v4.1.tsv,4.1,40,351,ok,2026-08-22T22:12:47
MGYS00002266,oral,SRP051689_taxonomy_abundances_SSU_v4.1.tsv,4.1,39,274,ok,2026-08-22T22:13:42
MGYS00006332,respiratory,SRP064237_taxonomy_abundances_SSU_v5.0.tsv,5.0,39,379,ok,2026-08-22T22:13:43
MGYS00005426,stool,,,0,0,no_ssu_table,2026-08-22T22:13:44
MGYS00000943,urogenital,ERP008707_taxonomy_abundances_v2.0.tsv,2.0,39,141,ok,2026-08-22T22:13:45
MGYS00002246,oral,SRP020623_taxonomy_abundances_SSU_v4.1.tsv,4.1,58,511,ok,2026-08-22T22:13:47
MGYS00006507,respiratory,SRP168445_taxonomy_abundances_SSU_v5.0.tsv,5.0,38,327,ok,2026-08-22T22:14:43
MGYS00002263,oral,SRP047369_taxonomy_abundances_SSU_v4.1.tsv,4.1,38,1151,ok,2026-08-22T22:14:43
MGYS00000307,stool,ERP001706_taxonomy_abundances_v1.0.tsv,1.0,38,99,ok,2026-08-22T22:14:45
MGYS00002419,stool,ERP106644_taxonomy_abundances_SSU_v4.1.tsv,4.1,625,184,ok,2026-08-22T22:14:45
MGYS00006438,respiratory,SRP068430_taxonomy_abundances_SSU_v5.0.tsv,5.0,38,372,ok,2026-08-22T22:14:47
MGYS00006369,respiratory,SRP057611_taxonomy_abundances_SSU_v5.0.tsv,5.0,38,640,ok,2026-08-22T22:15:43
MGYS00002060,stool,ERP104233_taxonomy_abundances_SSU_v4.1.tsv,4.1,37,161,ok,2026-08-22T22:15:44
MGYS00002352,oral,DRP002430_taxonomy_abundances_SSU_v4.1.tsv,4.1,37,323,ok,2026-08-22T22:15:45
MGYS00006324,respiratory,SRP041296_taxonomy_abundances_SSU_v5.0.tsv,5.0,37,179,ok,2026-08-22T22:15:46
MGYS00002165,oral,SRP078943_taxonomy_abundances_SSU_v4.1.tsv,4.1,37,319,ok,2026-08-22T22:15:47
MGYS00006353,stool,SRP287511_taxonomy_abundances_SSU_v5.0.tsv,5.0,37,1453,ok,2026-08-22T22:16:43
MGYS00006020,respiratory,SRP341631_taxonomy_abundances_SSU_v5.0.tsv,5.0,37,554,ok,2026-08-22T22:16:44
MGYS00006516,respiratory,SRP199424_taxonomy_abundances_SSU_v5.0.tsv,5.0,36,1659,ok,2026-08-22T22:16:45
MGYS00006277,respiratory,ERP133037_taxonomy_abundances_SSU_v5.0.tsv,5.0,36,347,ok,2026-08-22T22:16:46
MGYS00005697,oral,ERP126158_taxonomy_abundances_SSU_v5.0.tsv,5.0,36,119,ok,2026-08-22T22:16:47
MGYS00002677,stool,ERP106631_taxonomy_abundances_SSU_v4.1.tsv,4.1,36,82,ok,2026-08-22T22:17:43
MGYS00005698,oral,,,0,0,no_ssu_table,2026-08-22T22:17:44
MGYS00006443,respiratory,SRP312067_taxonomy_abundances_SSU_v5.0.tsv,5.0,29,1031,ok,2026-08-22T22:17:44
MGYS00003147,stool,ERP024316_taxonomy_abundances_SSU_v4.1.tsv,4.1,35,1778,ok,2026-08-22T22:17:45
MGYS00005805,stool,ERP127951_taxonomy_abundances_SSU_v5.0.tsv,5.0,35,176,ok,2026-08-22T22:17:46
MGYS00006410,respiratory,SRP067201_taxonomy_abundances_SSU_v5.0.tsv,5.0,34,348,ok,2026-08-22T22:17:47
MGYS00006372,respiratory,SRP310970_taxonomy_abundances_SSU_v5.0.tsv,5.0,34,423,ok,2026-08-22T22:18:42
MGYS00005806,stool,,,0,0,no_ssu_table,2026-08-22T22:18:44
MGYS00005034,skin,ERP112251_taxonomy_abundances_SSU_v5.0.tsv,5.0,33,77,ok,2026-08-22T22:18:45
MGYS00005443,oral,ERP113996_taxonomy_abundances_SSU_v4.1.tsv,4.1,31,62,ok,2026-08-22T22:18:46
MGYS00005684,stool,ERP125620_taxonomy_abundances_SSU_v5.0.tsv,5.0,33,208,ok,2026-08-22T22:18:47
MGYS00006466,respiratory,SRP083112_taxonomy_abundances_SSU_v5.0.tsv,5.0,94,269,ok,2026-08-22T22:19:43
MGYS00005444,oral,,,0,0,no_ssu_table,2026-08-22T22:19:44
MGYS00000308,stool,ERP001739_taxonomy_abundances_v1.0.tsv,1.0,38,115,ok,2026-08-22T22:19:44
MGYS00001303,oral,ERP014351_taxonomy_abundances_v3.0.tsv,3.0,31,156,ok,2026-08-22T22:19:44
MGYS00005685,stool,,,0,0,no_ssu_table,2026-08-22T22:19:46
MGYS00001143,oral,ERP016024_taxonomy_abundances_v3.0.tsv,3.0,31,953,ok,2026-08-22T22:19:46
MGYS00006473,respiratory,SRP114665_taxonomy_abundances_SSU_v5.0.tsv,5.0,31,1204,ok,2026-08-22T22:20:43
MGYS00001258,stool,SRP067039_taxonomy_abundances_v3.0.tsv,3.0,22,153,ok,2026-08-22T22:20:44
MGYS00000526,stool,ERP011526_taxonomy_abundances_SSU_v5.0.tsv,5.0,30,259,ok,2026-08-22T22:20:44
MGYS00006618,oral,ERP141522_taxonomy_abundances_SSU_v5.0.tsv,5.0,30,106,ok,2026-08-22T22:20:46
MGYS00003487,oral,ERP108880_taxonomy_abundances_SSU_v4.1.tsv,4.1,30,146,ok,2026-08-22T22:20:46
MGYS00006354,stool,SRP287767_taxonomy_abundances_SSU_v5.0.tsv,5.0,15,498,ok,2026-08-22T22:21:43
MGYS00006390,respiratory,SRP340835_taxonomy_abundances_SSU_v5.0.tsv,5.0,30,1004,ok,2026-08-22T22:21:44
MGYS00006357,respiratory,SRP297410_taxonomy_abundances_SSU_v5.0.tsv,5.0,30,651,ok,2026-08-22T22:21:45
MGYS00002212,oral,SRP000913_taxonomy_abundances_SSU_v4.1.tsv,4.1,29,468,ok,2026-08-22T22:21:46
MGYS00003484,stool,ERP111756_taxonomy_abundances_SSU_v4.1.tsv,4.1,25,1516,ok,2026-08-22T22:21:47
MGYS00006256,respiratory,ERP002060_taxonomy_abundances_SSU_v5.0.tsv,5.0,29,249,ok,2026-08-22T22:22:43
MGYS00006521,respiratory,SRP211744_taxonomy_abundances_SSU_v5.0.tsv,5.0,28,376,ok,2026-08-22T22:22:44
MGYS00001174,oral,SRP033553_taxonomy_abundances_SSU_v4.1.tsv,4.1,28,735,ok,2026-08-22T22:22:45
MGYS00006765,stool,ERP160150_taxonomy_abundances_SSU_v5.0.tsv,5.0,28,119,ok,2026-08-22T22:22:46
MGYS00003597,oral,ERP108069_taxonomy_abundances_SSU_v4.1.tsv,4.1,28,144,ok,2026-08-22T22:22:47
MGYS00001537,stool,ERP021378_taxonomy_abundances_v3.0.tsv,3.0,28,501,ok,2026-08-22T22:23:43
MGYS00001987,stool,ERP104069_taxonomy_abundances_SSU_v4.1.tsv,4.1,2,2,ok,2026-08-22T22:23:44
MGYS00003609,oral,ERP108066_taxonomy_abundances_SSU_v4.1.tsv,4.1,27,125,ok,2026-08-22T22:23:45
MGYS00006480,respiratory,SRP107187_taxonomy_abundances_SSU_v5.0.tsv,5.0,27,362,ok,2026-08-22T22:23:46
MGYS00005076,stool,ERP106351_taxonomy_abundances_SSU_v4.1.tsv,4.1,27,558,ok,2026-08-22T22:23:47
MGYS00006780,stool,ERP160119_taxonomy_abundances_SSU_v5.0.tsv,5.0,26,88,ok,2026-08-22T22:24:43
MGYS00002265,oral,SRP050196_taxonomy_abundances_SSU_v4.1.tsv,4.1,26,193,ok,2026-08-22T22:24:44
MGYS00006361,respiratory,SRP302813_taxonomy_abundances_SSU_v5.0.tsv,5.0,26,610,ok,2026-08-22T22:24:45
MGYS00006289,respiratory,SRP230853_taxonomy_abundances_SSU_v5.0.tsv,5.0,25,1882,ok,2026-08-22T22:24:46
MGYS00006333,stool,SRP219421_taxonomy_abundances_SSU_v5.0.tsv,5.0,26,131,ok,2026-08-22T22:24:47
MGYS00006498,respiratory,SRP124904_taxonomy_abundances_SSU_v5.0.tsv,5.0,26,202,ok,2026-08-22T22:25:43
MGYS00002248,oral,SRP034724_taxonomy_abundances_SSU_v4.1.tsv,4.1,26,391,ok,2026-08-22T22:25:44
MGYS00004708,respiratory,ERP114688_taxonomy_abundances_SSU_v4.1.tsv,4.1,25,286,ok,2026-08-22T22:25:45
MGYS00006475,respiratory,DRP007146_taxonomy_abundances_SSU_v5.0.tsv,5.0,25,338,ok,2026-08-22T22:25:46
MGYS00006315,oral,ERP141372_taxonomy_abundances_SSU_v5.0.tsv,5.0,25,69,ok,2026-08-22T22:25:47
MGYS00000352,stool,ERP005196_taxonomy_abundances_v1.0.tsv,1.0,25,57,ok,2026-08-22T22:58:38
MGYS00006470,respiratory,SRP100072_taxonomy_abundances_SSU_v5.0.tsv,5.0,24,230,ok,2026-08-22T22:58:39
MGYS00003480,stool,ERP108070_taxonomy_abundances_SSU_v4.1.tsv,4.1,48,115,ok,2026-08-22T22:58:40
MGYS00006444,respiratory,SRP324096_taxonomy_abundances_SSU_v5.0.tsv,5.0,24,1646,ok,2026-08-22T22:58:41
MGYS00000412,stool,ERP007044_taxonomy_abundances_v1.0.tsv,1.0,24,119,ok,2026-08-22T22:58:42
MGYS00002675,oral,ERP107102_taxonomy_abundances_SSU_v5.0.tsv,5.0,24,86,ok,2026-08-22T22:59:38
MGYS00002359,oral,ERP005514_taxonomy_abundances_SSU_v4.1.tsv,4.1,19,487,ok,2026-08-22T22:59:39
MGYS00002220,oral,SRP044345_taxonomy_abundances_SSU_v4.1.tsv,4.1,24,715,ok,2026-08-22T22:59:40
MGYS00003475,stool,SRP118697_taxonomy_abundances_SSU_v4.1.tsv,4.1,24,1464,ok,2026-08-22T22:59:41
MGYS00005813,oral,ERP127558_taxonomy_abundances_SSU_v5.0.tsv,5.0,24,88,ok,2026-08-22T22:59:42
MGYS00002225,oral,SRP079075_taxonomy_abundances_SSU_v4.1.tsv,4.1,24,1058,ok,2026-08-22T23:00:38
MGYS00000394,stool,ERP005558_taxonomy_abundances_v1.0.tsv,1.0,24,145,ok,2026-08-22T23:00:39
MGYS00006431,stool,SRP442920_taxonomy_abundances_SSU_v5.0.tsv,5.0,24,311,ok,2026-08-22T23:00:40
MGYS00006366,oral,ERP141374_taxonomy_abundances_SSU_v5.0.tsv,5.0,23,78,ok,2026-08-22T23:00:41
MGYS00005814,oral,,,0,0,no_ssu_table,2026-08-22T23:00:42
MGYS00006616,oral,ERP142304_taxonomy_abundances_SSU_v5.0.tsv,5.0,23,190,ok,2026-08-22T23:00:42
MGYS00002285,respiratory,ERP106941_taxonomy_abundances_SSU_v4.1.tsv,4.1,23,2238,ok,2026-08-22T23:01:39
MGYS00000553,respiratory,ERP012221_taxonomy_abundances_SSU_v4.0.tsv,4.0,18,4351,ok,2026-08-22T23:01:40
MGYS00002215,oral,SRP010933_taxonomy_abundances_SSU_v4.1.tsv,4.1,23,479,ok,2026-08-22T23:01:41
MGYS00006307,oral,ERP141367_taxonomy_abundances_SSU_v5.0.tsv,5.0,22,146,ok,2026-08-22T23:01:42
MGYS00001623,stool,ERP021734_taxonomy_abundances_v3.0.tsv,3.0,1,33,ok,2026-08-22T23:01:43
MGYS00005359,stool,,,0,0,no_ssu_table,2026-08-22T23:02:38
MGYS00006349,respiratory,SRP282897_taxonomy_abundances_SSU_v5.0.tsv,5.0,22,152,ok,2026-08-22T23:02:39
MGYS00001983,stool,ERP104044_taxonomy_abundances_SSU_v4.1.tsv,4.1,109,104,ok,2026-08-22T23:02:40
MGYS00002159,oral,SRP110002_taxonomy_abundances_SSU_v4.1.tsv,4.1,21,2205,ok,2026-08-22T23:02:41
MGYS00002226,oral,SRP075956_taxonomy_abundances_SSU_v4.1.tsv,4.1,21,893,ok,2026-08-22T23:02:42
MGYS00003719,oral,SRP125475_taxonomy_abundances_SSU_v4.1.tsv,4.1,21,648,ok,2026-08-22T23:03:38
MGYS00006102,stool,ERP140636_taxonomy_abundances_SSU_v5.0.tsv,5.0,21,82,ok,2026-08-22T23:03:39
MGYS00006373,respiratory,SRP311710_taxonomy_abundances_SSU_v5.0.tsv,5.0,21,243,ok,2026-08-22T23:03:40
MGYS00006343,respiratory,SRP270071_taxonomy_abundances_SSU_v5.0.tsv,5.0,12,41,ok,2026-08-22T23:03:41
MGYS00005390,stool,ERP114141_taxonomy_abundances_SSU_v4.1.tsv,4.1,21,121,ok,2026-08-22T23:03:42
MGYS00006649,oral,ERP131993_taxonomy_abundances_SSU_v5.0.tsv,5.0,20,96,ok,2026-08-22T23:04:38
MGYS00006627,urogenital,ERP138373_taxonomy_abundances_SSU_v5.0.tsv,5.0,20,78,ok,2026-08-22T23:04:39
MGYS00002221,oral,SRP047310_taxonomy_abundances_SSU_v4.1.tsv,4.1,20,833,ok,2026-08-22T23:04:40
MGYS00002394,oral,SRP051741_taxonomy_abundances_SSU_v4.1.tsv,4.1,20,505,ok,2026-08-22T23:04:41
MGYS00005391,stool,,,0,0,no_ssu_table,2026-08-22T23:04:42
MGYS00005131,stool,ERP118234_taxonomy_abundances_SSU_v4.1.tsv,4.1,20,1490,ok,2026-08-22T23:04:42
MGYS00003510,stool,ERP108939_taxonomy_abundances_SSU_v4.1.tsv,4.1,26,122,ok,2026-08-22T23:05:39
MGYS00006420,respiratory,SRP395591_taxonomy_abundances_SSU_v5.0.tsv,5.0,19,532,ok,2026-08-22T23:05:40
MGYS00000277,stool,SRP002423_taxonomy_abundances_v1.0.tsv,1.0,19,68,ok,2026-08-22T23:05:41
MGYS00001213,stool,SRP073516_taxonomy_abundances_v3.0.tsv,3.0,15,49,ok,2026-08-22T23:05:42
MGYS00002241,oral,ERP014011_taxonomy_abundances_SSU_v4.1.tsv,4.1,18,204,ok,2026-08-22T23:05:43
MGYS00001695,respiratory,ERP010088_taxonomy_abundances_v3.0.tsv,3.0,18,547,ok,2026-08-22T23:06:39
MGYS00006504,respiratory,SRP153115_taxonomy_abundances_SSU_v5.0.tsv,5.0,18,600,ok,2026-08-22T23:06:40
MGYS00005583,stool,SRP017459_taxonomy_abundances_SSU_v5.0.tsv,5.0,18,241,ok,2026-08-22T23:06:41
MGYS00005124,urogenital,ERP117955_taxonomy_abundances_SSU_v4.1.tsv,4.1,18,327,ok,2026-08-22T23:06:42
MGYS00006639,oral,ERP141819_taxonomy_abundances_SSU_v5.0.tsv,5.0,18,136,ok,2026-08-22T23:06:43
MGYS00002231,oral,SRP047405_taxonomy_abundances_SSU_v4.1.tsv,4.1,17,1207,ok,2026-08-22T23:07:38
MGYS00002228,oral,SRP107375_taxonomy_abundances_SSU_v4.1.tsv,4.1,17,830,ok,2026-08-22T23:07:40
MGYS00000278,stool,SRP002437_taxonomy_abundances_v1.0.tsv,1.0,16,47,ok,2026-08-22T23:07:40
MGYS00005388,stool,ERP114147_taxonomy_abundances_SSU_v4.1.tsv,4.1,17,132,ok,2026-08-22T23:07:42
MGYS00005347,stool,,,0,0,no_ssu_table,2026-08-22T23:07:43
MGYS00006467,respiratory,SRP095188_taxonomy_abundances_SSU_v5.0.tsv,5.0,17,423,ok,2026-08-22T23:08:37
MGYS00006768,respiratory,ERP159773_taxonomy_abundances_SSU_v5.0.tsv,5.0,17,30,ok,2026-08-22T23:08:39
MGYS00006528,respiratory,,,0,0,no_ssu_table,2026-08-22T23:08:40
MGYS00000258,stool,SRP000319_taxonomy_abundances_v1.0.tsv,1.0,16,74,ok,2026-08-22T23:08:40
MGYS00005445,stool,ERP113995_taxonomy_abundances_SSU_v4.1.tsv,4.1,11,9,ok,2026-08-22T23:08:41
MGYS00006008,stool,ERP136476_taxonomy_abundances_SSU_v5.0.tsv,5.0,16,38,ok,2026-08-22T23:08:42
MGYS00005109,skin,ERP116743_taxonomy_abundances_SSU_v4.1.tsv,4.1,16,35,ok,2026-08-22T23:09:39
MGYS00005389,stool,,,0,0,no_ssu_table,2026-08-22T23:09:40
MGYS00006474,respiratory,SRP118537_taxonomy_abundances_SSU_v5.0.tsv,5.0,16,601,ok,2026-08-22T23:09:40
MGYS00006388,respiratory,SRP336614_taxonomy_abundances_SSU_v5.0.tsv,5.0,16,526,ok,2026-08-22T23:09:41
MGYS00006445,respiratory,SRP386315_taxonomy_abundances_SSU_v5.0.tsv,5.0,16,834,ok,2026-08-22T23:09:42
MGYS00005730,stool,ERP125908_taxonomy_abundances_SSU_v5.0.tsv,5.0,31,374,ok,2026-08-22T23:10:38
MGYS00006265,respiratory,ERP115773_taxonomy_abundances_SSU_v5.0.tsv,5.0,15,417,ok,2026-08-22T23:10:39
MGYS00005657,stool,ERP124921_taxonomy_abundances_SSU_v5.0.tsv,5.0,37,78,ok,2026-08-22T23:10:40
MGYS00002309,stool,ERP106171_taxonomy_abundances_SSU_v4.1.tsv,4.1,22,39,ok,2026-08-22T23:10:41
MGYS00002339,stool,,,0,0,no_ssu_table,2026-08-22T23:10:42
MGYS00001442,stool,ERP021080_taxonomy_abundances_v3.0.tsv,3.0,37,441,ok,2026-08-22T23:10:42
MGYS00005446,stool,,,0,0,no_ssu_table,2026-08-22T23:11:39
MGYS00000500,stool,ERP008562_taxonomy_abundances_v2.0.tsv,2.0,15,142,ok,2026-08-22T23:11:39
MGYS00006465,respiratory,SRP082546_taxonomy_abundances_SSU_v5.0.tsv,5.0,15,1092,ok,2026-08-22T23:11:40
MGYS00002685,stool,ERP107088_taxonomy_abundances_SSU_v4.1.tsv,4.1,15,102,ok,2026-08-22T23:11:41
MGYS00001208,stool,ERP016968_taxonomy_abundances_v3.0.tsv,3.0,15,471,ok,2026-08-22T23:11:42
MGYS00005125,urogenital,ERP117698_taxonomy_abundances_SSU_v4.1.tsv,4.1,15,169,ok,2026-08-22T23:29:29
MGYS00002186,oral,SRP033022_taxonomy_abundances_SSU_v4.1.tsv,4.1,14,456,ok,2026-08-22T23:29:30
MGYS00006459,respiratory,SRP070848_taxonomy_abundances_SSU_v5.0.tsv,5.0,14,429,ok,2026-08-22T23:29:31
MGYS00001187,skin,ERP016629_taxonomy_abundances_v3.0.tsv,3.0,14,727,ok,2026-08-22T23:29:32
MGYS00002073,respiratory,ERP105190_taxonomy_abundances_SSU_v5.0.tsv,5.0,14,540,ok,2026-08-22T23:29:33
MGYS00001300,oral,SRP038999_taxonomy_abundances_SSU_v4.1.tsv,4.1,14,264,ok,2026-08-22T23:30:28
MGYS00002176,oral,SRP106728_taxonomy_abundances_SSU_v4.1.tsv,4.1,14,877,ok,2026-08-22T23:30:29
MGYS00006317,respiratory,SRP041604_taxonomy_abundances_SSU_v5.0.tsv,5.0,2,4,ok,2026-08-22T23:30:30
MGYS00005762,stool,ERP127786_taxonomy_abundances_SSU_v5.0.tsv,5.0,14,147,ok,2026-08-22T23:30:31
MGYS00006328,respiratory,,,0,0,no_ssu_table,2026-08-22T23:30:32
MGYS00001313,stool,ERP019785_taxonomy_abundances_v3.0.tsv,3.0,7,157,ok,2026-08-22T23:30:33
MGYS00006296,respiratory,SRP038106_taxonomy_abundances_SSU_v5.0.tsv,5.0,13,269,ok,2026-08-22T23:31:29
MGYS00001581,stool,ERP021966_taxonomy_abundances_v3.0.tsv,3.0,13,224,ok,2026-08-22T23:31:30
MGYS00005763,stool,,,0,0,no_ssu_table,2026-08-22T23:31:31
MGYS00002236,oral,SRP049918_taxonomy_abundances_SSU_v4.1.tsv,4.1,12,378,ok,2026-08-22T23:31:31
MGYS00000294,stool,ERP001038_taxonomy_abundances_v1.0.tsv,1.0,12,45,ok,2026-08-22T23:31:32
MGYS00006009,skin,ERP135925_taxonomy_abundances_SSU_v5.0.tsv,5.0,12,2,ok,2026-08-22T23:32:28
MGYS00006462,respiratory,SRP079737_taxonomy_abundances_SSU_v5.0.tsv,5.0,12,611,ok,2026-08-22T23:32:29
MGYS00000304,stool,ERP001506_taxonomy_abundances_v2.0.tsv,2.0,24,203,ok,2026-08-22T23:32:30
MGYS00006844,stool,ERP177070_taxonomy_abundances_SSU_v5.0.tsv,5.0,12,86,ok,2026-08-22T23:32:31
MGYS00002214,oral,SRP009440_taxonomy_abundances_SSU_v4.1.tsv,4.1,12,352,ok,2026-08-22T23:32:32
MGYS00003143,stool,ERP110944_taxonomy_abundances_SSU_v4.1.tsv,4.1,12,602,ok,2026-08-22T23:33:28
MGYS00002690,stool,ERP106629_taxonomy_abundances_SSU_v4.1.tsv,4.1,29,102,ok,2026-08-22T23:33:29
MGYS00006629,urogenital,ERP138409_taxonomy_abundances_SSU_v5.0.tsv,5.0,10,1,ok,2026-08-22T23:33:30
MGYS00002249,oral,SRP038908_taxonomy_abundances_SSU_v4.1.tsv,4.1,11,976,ok,2026-08-22T23:33:31
MGYS00003367,stool,ERP108860_taxonomy_abundances_SSU_v4.1.tsv,4.1,16,115,ok,2026-08-22T23:33:32
MGYS00000518,skin,ERP011339_taxonomy_abundances_v2.0.tsv,2.0,10,400,ok,2026-08-22T23:34:28
MGYS00002150,oral,SRP071254_taxonomy_abundances_SSU_v4.1.tsv,4.1,10,571,ok,2026-08-22T23:34:29
MGYS00001868,stool,ERP023746_taxonomy_abundances_v3.0.tsv,3.0,10,41,ok,2026-08-22T23:34:30
MGYS00006617,oral,ERP141871_taxonomy_abundances_SSU_v5.0.tsv,5.0,10,144,ok,2026-08-22T23:34:31
MGYS00005393,stool,ERP116113_taxonomy_abundances_SSU_v4.1.tsv,4.1,7,4,ok,2026-08-22T23:34:32
MGYS00006505,respiratory,SRP154991_taxonomy_abundances_SSU_v5.0.tsv,5.0,10,587,ok,2026-08-22T23:35:28
MGYS00001308,stool,ERP019639_taxonomy_abundances_v3.0.tsv,3.0,10,14,ok,2026-08-22T23:35:30
MGYS00001342,stool,ERP020191_taxonomy_abundances_v3.0.tsv,3.0,10,591,ok,2026-08-22T23:35:31
MGYS00001626,stool,ERP019673_taxonomy_abundances_v3.0.tsv,3.0,10,411,ok,2026-08-22T23:35:32
MGYS00002261,oral,SRP044888_taxonomy_abundances_SSU_v4.1.tsv,4.1,10,800,ok,2026-08-22T23:35:33
MGYS00003580,stool,ERP108128_taxonomy_abundances_SSU_v4.1.tsv,4.1,10,124,ok,2026-08-22T23:36:28
MGYS00002274,oral,SRP080750_taxonomy_abundances_SSU_v4.1.tsv,4.1,10,348,ok,2026-08-22T23:36:29
MGYS00003576,stool,ERP108137_taxonomy_abundances_SSU_v4.1.tsv,4.1,10,115,ok,2026-08-22T23:36:30
MGYS00006313,oral,ERP138652_taxonomy_abundances_SSU_v5.0.tsv,5.0,9,134,ok,2026-08-22T23:36:31
MGYS00003577,stool,ERP108135_taxonomy_abundances_SSU_v4.1.tsv,4.1,9,84,ok,2026-08-22T23:36:32
MGYS00005812,oral,ERP127599_taxonomy_abundances_SSU_v5.0.tsv,5.0,9,84,ok,2026-08-22T23:37:28
MGYS00002245,oral,ERP004595_taxonomy_abundances_SSU_v4.1.tsv,4.1,9,73,ok,2026-08-22T23:37:29
MGYS00001908,stool,ERP024356_taxonomy_abundances_v3.0.tsv,3.0,9,178,ok,2026-08-22T23:37:30
MGYS00005394,stool,,,0,0,no_ssu_table,2026-08-22T23:37:31
MGYS00001211,stool,SRP076746_taxonomy_abundances_SSU_v5.0.tsv,5.0,16,696,ok,2026-08-22T23:37:31
MGYS00003191,stool,SRP041283_taxonomy_abundances_SSU_v4.1.tsv,4.1,16,278,ok,2026-08-22T23:37:33
MGYS00000523,respiratory,ERP006952_taxonomy_abundances_v2.0.tsv,2.0,7,203,ok,2026-08-22T23:38:29
MGYS00006630,urogenital,ERP138865_taxonomy_abundances_SSU_v5.0.tsv,5.0,8,39,ok,2026-08-22T23:38:30
MGYS00005808,stool,ERP127602_taxonomy_abundances_SSU_v5.0.tsv,5.0,8,77,ok,2026-08-22T23:38:31
MGYS00002046,stool,ERP104210_taxonomy_abundances_SSU_v4.1.tsv,4.1,8,70,ok,2026-08-22T23:38:32
MGYS00001481,oral,ERP021171_taxonomy_abundances_SSU_v4.1.tsv,4.1,8,179,ok,2026-08-22T23:38:33
MGYS00005809,stool,,,0,0,no_ssu_table,2026-08-22T23:39:29
MGYS00002687,stool,ERP106630_taxonomy_abundances_SSU_v4.1.tsv,4.1,18,109,ok,2026-08-22T23:39:30
MGYS00002331,stool,ERP106358_taxonomy_abundances_SSU_v4.1.tsv,4.1,6,69,ok,2026-08-22T23:39:31
MGYS00002218,oral,SRP028356_taxonomy_abundances_SSU_v4.1.tsv,4.1,6,224,ok,2026-08-22T23:39:31
MGYS00005768,stool,,,0,0,no_ssu_table,2026-08-22T23:39:32
MGYS00000367,stool,ERP004846_taxonomy_abundances_v1.0.tsv,1.0,6,107,ok,2026-08-22T23:39:33
MGYS00005767,stool,ERP129398_taxonomy_abundances_SSU_v5.0.tsv,5.0,5,31,ok,2026-08-22T23:40:29
MGYS00006849,stool,ERP166188_taxonomy_abundances_SSU_v5.0.tsv,5.0,6,72,ok,2026-08-22T23:40:30
MGYS00005107,stool,,,0,0,download_failed,2026-08-22T23:40:31
MGYS00002149,oral,SRP047474_taxonomy_abundances_SSU_v4.1.tsv,4.1,6,237,ok,2026-08-22T23:41:36
MGYS00003203,oral,ERP108075_taxonomy_abundances_SSU_v4.1.tsv,4.1,5,17,ok,2026-08-22T23:41:37
MGYS00002406,respiratory,ERP109119_taxonomy_abundances_SSU_v4.1.tsv,4.1,4,221,ok,2026-08-22T23:41:38
MGYS00001708,stool,ERP022631_taxonomy_abundances_v3.0.tsv,3.0,4,458,ok,2026-08-22T23:41:38
MGYS00006310,urogenital,ERP139914_taxonomy_abundances_SSU_v5.0.tsv,5.0,4,13,ok,2026-08-22T23:41:39
MGYS00005793,stool,ERP127968_taxonomy_abundances_SSU_v5.0.tsv,5.0,4,76,ok,2026-08-22T23:57:40
MGYS00005655,oral,,,0,0,no_ssu_table,2026-08-22T23:57:40
MGYS00000489,stool,ERP006091_taxonomy_abundances_v1.0.tsv,1.0,8,71,ok,2026-08-22T23:57:41
MGYS00002268,oral,SRP058400_taxonomy_abundances_SSU_v4.1.tsv,4.1,4,505,ok,2026-08-22T23:57:41
MGYS00006377,respiratory,,,0,0,no_ssu_table,2026-08-22T23:57:42
MGYS00006376,respiratory,SRP315330_taxonomy_abundances_SSU_v5.0.tsv,5.0,4,417,ok,2026-08-22T23:57:43
MGYS00001960,stool,ERP104539_taxonomy_abundances_SSU_v4.0.tsv,4.0,4,2309,ok,2026-08-22T23:58:40
MGYS00005652,oral,ERP124518_taxonomy_abundances_SSU_v5.0.tsv,5.0,4,20,ok,2026-08-22T23:58:41
MGYS00005651,oral,ERP124374_taxonomy_abundances_SSU_v5.0.tsv,5.0,7,51,ok,2026-08-22T23:58:42
MGYS00001315,stool,ERP019890_taxonomy_abundances_v3.0.tsv,3.0,4,775,ok,2026-08-22T23:58:43
MGYS00001184,stool,ERP016615_taxonomy_abundances_v3.0.tsv,3.0,3,257,ok,2026-08-22T23:58:43
MGYS00002227,oral,SRP050159_taxonomy_abundances_SSU_v4.1.tsv,4.1,3,202,ok,2026-08-22T23:59:40
MGYS00005339,stool,,,0,0,no_ssu_table,2026-08-22T23:59:41
MGYS00006306,oral,ERP138650_taxonomy_abundances_SSU_v5.0.tsv,5.0,3,39,ok,2026-08-22T23:59:41
MGYS00000585,stool,ERP013496_taxonomy_abundances_v2.0.tsv,2.0,3,42,ok,2026-08-22T23:59:42
MGYS00005729,stool,ERP126326_taxonomy_abundances_SSU_v5.0.tsv,5.0,5,96,ok,2026-08-22T23:59:43
MGYS00006493,respiratory,SRP016840_taxonomy_abundances_SSU_v5.0.tsv,5.0,3,124,ok,2026-08-22T23:59:44
MGYS00005794,stool,,,0,0,no_ssu_table,2026-08-23T00:00:41
MGYS00001991,stool,ERP104944_taxonomy_abundances_SSU_v4.0.tsv,4.0,3,308,ok,2026-08-23T00:00:41
MGYS00003199,stool,ERP107087_taxonomy_abundances_SSU_v4.1.tsv,4.1,3,34,ok,2026-08-23T00:00:42
MGYS00005656,oral,,,0,0,no_ssu_table,2026-08-23T00:00:42
MGYS00001893,stool,ERP018622_taxonomy_abundances_v3.0.tsv,3.0,2,228,ok,2026-08-23T00:00:43
MGYS00005356,stool,,,0,0,no_ssu_table,2026-08-23T00:00:44
MGYS00001779,respiratory,ERP023074_taxonomy_abundances_v3.0.tsv,3.0,2,115,ok,2026-08-23T00:01:39
MGYS00002057,stool,ERP104230_taxonomy_abundances_SSU_v4.1.tsv,4.1,2,21,ok,2026-08-23T00:01:41
MGYS00002276,oral,SRP108107_taxonomy_abundances_SSU_v4.1.tsv,4.1,2,559,ok,2026-08-23T00:01:42
MGYS00001887,stool,ERP023970_taxonomy_abundances_v3.0.tsv,3.0,2,298,ok,2026-08-23T00:01:43
MGYS00001892,stool,SRP001709_taxonomy_abundances_v1.0.tsv,1.0,2,55,ok,2026-08-23T00:01:44
MGYS00002180,respiratory,ERP106323_taxonomy_abundances_SSU_v4.1.tsv,4.1,2,70,ok,2026-08-23T00:02:40
MGYS00002052,stool,ERP104223_taxonomy_abundances_SSU_v4.1.tsv,4.1,2,21,ok,2026-08-23T00:02:41
MGYS00002024,stool,ERP104182_taxonomy_abundances_SSU_v5.0.tsv,5.0,3,60,ok,2026-08-23T00:02:42
MGYS00000456,stool,ERP009244_taxonomy_abundances_v1.0.tsv,1.0,2,96,ok,2026-08-23T00:02:42
MGYS00001249,stool,SRP066323_taxonomy_abundances_v3.0.tsv,3.0,152,260,ok,2026-08-23T00:02:43
MGYS00000543,stool,ERP012163_taxonomy_abundances_v2.0.tsv,2.0,2,243,ok,2026-08-23T00:03:40
MGYS00002262,oral,SRP045295_taxonomy_abundances_SSU_v4.1.tsv,4.1,2,518,ok,2026-08-23T00:03:41
MGYS00006425,respiratory,SRP421082_taxonomy_abundances_SSU_v5.0.tsv,5.0,46,1113,ok,2026-08-23T00:03:42
MGYS00006441,respiratory,SRP149996_taxonomy_abundances_SSU_v5.0.tsv,5.0,20,41,ok,2026-08-23T00:03:43
MGYS00006440,respiratory,SRP070932_taxonomy_abundances_SSU_v5.0.tsv,5.0,1,875,ok,2026-08-23T00:03:44
MGYS00000506,oral,ERP011513_taxonomy_abundances_v2.0.tsv,2.0,1,108,ok,2026-08-23T00:04:40
MGYS00003204,oral,ERP108076_taxonomy_abundances_SSU_v4.1.tsv,4.1,1,2,ok,2026-08-23T00:04:41
MGYS00006293,respiratory,SRP035600_taxonomy_abundances_SSU_v5.0.tsv,5.0,1,461,ok,2026-08-23T00:04:42
MGYS00000507,oral,ERP011523_taxonomy_abundances_v2.0.tsv,2.0,1,266,ok,2026-08-23T00:04:43
MGYS00002147,oral,SRP022233_taxonomy_abundances_SSU_v4.1.tsv,4.1,2,911,ok,2026-08-23T00:04:44
MGYS00000319,stool,ERP002222_taxonomy_abundances_v1.0.tsv,1.0,1,91,ok,2026-08-23T00:05:40
MGYS00000306,stool,ERP001596_taxonomy_abundances_v1.0.tsv,1.0,1,10,ok,2026-08-23T00:05:41
MGYS00006309,urogenital,ERP138646_taxonomy_abundances_SSU_v5.0.tsv,5.0,1,8,ok,2026-08-23T00:05:42
MGYS00000564,stool,ERP012953_taxonomy_abundances_v2.0.tsv,2.0,1,215,ok,2026-08-23T00:05:43
MGYS00006823,stool,ERP148566_taxonomy_abundances_SSU_v5.0.tsv,5.0,54,193,ok,2026-08-23T00:05:44
MGYS00005193,respiratory,SRP096974_taxonomy_abundances_SSU_v4.1.tsv,4.1,1106,1894,ok,2026-08-23T00:06:40
MGYS00006818,stool,ERP148312_taxonomy_abundances_SSU_v5.0.tsv,5.0,44,201,ok,2026-08-23T00:06:42
MGYS00006523,respiratory,,,0,0,no_ssu_table,2026-08-23T00:06:42
MGYS00002021,stool,ERP104072_taxonomy_abundances_SSU_v4.1.tsv,4.1,18,22,ok,2026-08-23T00:06:42
MGYS00002171,oral,SRP040947_taxonomy_abundances_SSU_v4.1.tsv,4.1,1,978,ok,2026-08-23T00:06:43
MGYS00005299,skin,SRP214545_taxonomy_abundances_SSU_v5.0.tsv,5.0,511,1856,ok,2026-08-23T00:06:44
MGYS00002172,oral,SRP049665_taxonomy_abundances_SSU_v4.1.tsv,4.1,3,280,ok,2026-08-23T00:07:41
MGYS00000520,skin,ERP011525_taxonomy_abundances_v2.0.tsv,2.0,2,204,ok,2026-08-23T00:07:42
MGYS00002270,oral,SRP067717_taxonomy_abundances_SSU_v4.1.tsv,4.1,1,482,ok,2026-08-23T00:07:43
MGYS00003135,stool,ERP002465_taxonomy_abundances_SSU_v4.1.tsv,4.1,2,640,ok,2026-08-23T00:07:43
MGYS00002027,stool,ERP104186_taxonomy_abundances_SSU_v4.1.tsv,4.1,1,29,ok,2026-08-23T00:07:44
MGYS00001301,oral,SRP058372_taxonomy_abundances_SSU_v4.1.tsv,4.1,1,537,ok,2026-08-23T00:08:41
MGYS00001299,oral,SRP022894_taxonomy_abundances_v3.0.tsv,3.0,1,282,ok,2026-08-23T00:08:42
MGYS00002056,stool,ERP104228_taxonomy_abundances_SSU_v4.1.tsv,4.1,1,86,ok,2026-08-23T00:08:42
MGYS00001185,respiratory,SRP012449_taxonomy_abundances_v3.0.tsv,3.0,2,296,ok,2026-08-23T00:08:43
MGYS00001137,respiratory,ERP016183_taxonomy_abundances_v2.0.tsv,2.0,1,238,ok,2026-08-23T00:08:44
MGYS00006314,oral,ERP141227_taxonomy_abundances_SSU_v5.0.tsv,5.0,29,84,ok,2026-08-23T00:09:41
MGYS00006316,oral,ERP141402_taxonomy_abundances_SSU_v5.0.tsv,5.0,1,36,ok,2026-08-23T00:09:42
MGYS00000432,stool,ERP008885_taxonomy_abundances_v1.0.tsv,1.0,1,2,ok,2026-08-23T00:09:42
MGYS00005979,stool,,,0,0,no_ssu_table,2026-08-23T00:09:43
MGYS00002260,oral,SRP043625_taxonomy_abundances_SSU_v4.1.tsv,4.1,1,344,ok,2026-08-23T00:09:43
MGYS00002257,oral,SRP041078_taxonomy_abundances_SSU_v4.1.tsv,4.1,1,342,ok,2026-08-23T00:10:40
MGYS00005529,stool,SRP132034_taxonomy_abundances_SSU_v4.1.tsv,4.1,582,1690,ok,2026-08-23T00:10:41
MGYS00006457,respiratory,SRP011201_taxonomy_abundances_SSU_v5.0.tsv,5.0,4,529,ok,2026-08-23T00:10:42
MGYS00002239,oral,ERP015528_taxonomy_abundances_SSU_v4.1.tsv,4.1,1,98,ok,2026-08-23T00:10:43
MGYS00002258,oral,SRP041092_taxonomy_abundances_SSU_v4.1.tsv,4.1,1,1431,ok,2026-08-23T00:10:44
MGYS00002170,oral,SRP040945_taxonomy_abundances_SSU_v4.1.tsv,4.1,1,1315,ok,2026-08-23T00:11:40
MGYS00006455,respiratory,SRP392201_taxonomy_abundances_SSU_v5.0.tsv,5.0,77,1271,ok,2026-08-23T00:11:41
MGYS00001493,stool,SRP012558_taxonomy_abundances_v3.0.tsv,3.0,18,397,ok,2026-08-23T00:11:42
MGYS00006510,respiratory,SRP175099_taxonomy_abundances_SSU_v5.0.tsv,5.0,43,639,ok,2026-08-23T00:11:43
